ig_review	sentiment
Ihe nkiri megidere ihe m·ª•ta na-echetara any·ªã na na Na·ªãj·ªãr·ªãa, ka ihe na-agbanwe ka ·ªç na-akawanye nj·ªç·ªç	positive
E tinyere ·ªçt·ª•t·ª• ·ªçr·ª• na nyocha n‚Äôimep·ª•ta ihe nkiri a. ·ªå b·ª• ya mere ka ·ªçr·ª• a gbaa iche. ·ªår·ª• ya na-ad·ªçr·ªç mmas·ªã	positive
My Village People b·ª• ihe nkiri ga-eme ka I chefuo ·ªçz·ª•z·ª• e neyere g·ªã n‚Äô·ª•l·ªç ma I na-elere ya. Mana ·ªç b·ª• ihe nkiri nch·ªçp·ª•ta ·ª•z·ªç. Nollywood enwebeghi oke ihe ha mere n‚Äôimep·ª•ta ihe omimi na-ad·ªçr·ªç mmas·ªã ma d·ªã mma ile anya. Mana My Village People mere nke a n‚Äôenweghi nsogbu ·ªçb·ª•la. O tozuru ·ªã nata ·ªçt·ª•t·ª• otito	positive
O nweghi ihe ·ªçh·ª•r·ª• d·ªã n‚Äôak·ª•k·ªç a, mana a k·ªçr·ªç ya site n‚Äôilegara ya anya n‚Äôak·ª•k·ª• Na·ªãj·ªãr·ªãa. ·ªå na-at·ªç ·ªçch·ªã, ·ªç b·ª•gh·ªã ihe ana ah·ª• kwadaa, mkpar·ªãta·ª•ka ya d·ªã mma ma atunyere ya na ihe nkiri nd·ªã ·ªçz·ªç si ah·ªãa Naijiria. Ah·ª•r·ª• m ya b·ª• ihe nkiri n‚Äôanya. Ana m akwado ka nd·ªã otu m si Naijiria lere ya	positive
Af·ªç 1980‚Äôs, mmep·ª•ta ·ªçgw·ª•, ·ªçmal·ªãcha ·ª•m·ª•nwaany·ªã ojii‚Ä¶an·ªç m n‚Äôeluigwe	positive
·ªå d·ªã ire ma juputa na egwu na ejije‚Ä¶Emetara ya nke ·ªçma d·ªãka o si met·ª•ta ak·ª•k·ªç mere eme. Mmep·ª•ta ya kp·ª•t·ª•r·ª• akp·ª•, ·ªç b·ª•gh·ªã ihe m h·ª•r·ª• n‚Äôanya, ·ªçz·ªçkwa ·ª•f·ªçd·ª• mmep·ª•ta ya d·ªãka ihe mep·ª•tara maka ihe nkiri Tivii (egwu na ejije na-adabachagh·ªã) ‚Ä¶.Na nch·ªãk·ªçta, ·ªç d·ªã mma nlere ma ·ªç b·ª•r·ª• na ·ªãma ihe ·ªã ch·ªçr·ªç	positive
Mmezi‚Ä¶ Daal·ª• maka nke a. Nke a t·ªçr·ªç m ·ª•t·ªç. Mana m b·ª• Nelson Orah mere agwa Ahmed, ·ªç b·ª•gh·ªã Umar. ·ªå ga-amas·ªã m ma ·ªç b·ª•r·ª• na emezighar·ªãr·ªã ya.	positive
She is' ·ªå d·ªã egwu!. ·ªå ga-amas·ªã g·ªã ilere ihe nkiri a. Ihe nkiri a t·ªçr·ªç ezigbo ·ª•t·ªç. Ezigbo ihe nkiri d·ªã ·ª•t·ªç. Nollywood na-at·ªç ·ª•t·ªç	positive
Obi juputere m n‚Äô·ªç·πÖ·ª• ka m lerechara ihe nkiri a, ihe niile d·ªã na ya dabara. Nd·ªã niile nyere aka n‚Äôimeputa ya kacha d·ªçr·ªç mmas·ªã m. Onye ntuziaka Kemi Adetiba mere nke ·ªçma. Eji m ya eme ·ªçn·ª•. Agwago m ·ªçt·ª•t·ª• nd·ªã kirie ya. Ana m at·ª• anya ilerekwu ·ªçr·ª• ya.	positive
Genevieve Nnaji t·ªçro ezigbo nt·ªçala n‚Äôihe gbasara inye ntuziaka ihe nkiri. ·ªå ragh·ªãp·ª•gh·ªã na mmep·ª•ta ihe nkiri izizi ya LionHeart. ·ªå b·ª• ihe kwesiri nkiri n‚Äôihi na ·ªç na-agbasa ozi mmalite ihe nkiri Nollywood ga-agbasa mba ·ª•wa.	positive
Nollywood n·ªç n‚Äôogo kacha elu!!!...Ihe nkiri a na-ak·ªç ak·ª•k·ªç gbasara omenala, idi n‚Äôotu, na ezinaul·ªç. ·ªåt·ª•t·ª• ihe nkuzi juputara na ya nke m enweghiwu ike ·ªã g·ª•sas·ªã	positive
Ihe nkiri d·ªã mma nwere amamihe. ·ªå b·ª• ihe nkiri d·ªã mma na-egosi ·ªçgh·ªçm so n'ikpaoke agb·ª•r·ª• na Na·ªãj·ªãr·ªãa na etu osi emet·ª•ta ·ªãh·ª•naya ka na-eto eto	positive
ihe nkiri a b·ª• onyinye d·ªã mma na ·ª•d·ªã ya. 	positive
Ah·ª•r·ª• m ihe nkiri a n‚Äôanya‚Ä¶·ªåt·ª•r·ª• m anya ·ªãh·ª• na e nyere ederede ·ªçj·ªç·ªç gbasara ihe nkiri a. Any·ªã amakwa ihe b·ª• ezigbo ihe nkiri? Ihe nkiri a amaka, na-at·ªç ·ª•t·ªç. Agwa tolitere nke ·ªçma, d·ªã ire ma b·ª•r·ª• kwa ihe met·ª•tara any·ªã.·ªåz·ªçkwa, ogo ya amaka. Jisien·ª• ike. Ah·ª•r·ª• m ya n‚Äôanya kar·ªãa wedding party 1 na 2. ·ªå har·ªãp·ª•gh·ªã m ma ·ªçl·ªã.	positive
Ah·ª•r·ª• m ya mgbe ewep·ª•tara ya izizi tupu ·ªç gasaa ebe niile na Huston Texas‚Ä¶ Ihe nkiri a kwes·ªãr·ªã ·ªã nata akara ugo nd·ªã Oscar. Ak·ª•k·ªç ya amaka. Agwa niile n·ªç na ya d·ªã ·ªãt·ª•nanya.	positive
Onye ·ªçb·ª•la h·ª•r·ª• nka n‚Äôanya, hugoro agba nke mb·ª• ihe nkiri a ga-ama na ak·ª•k·ªç ya gbakwasara ·ª•kw·ª• na nke mb·ª•, nke a b·ª• nke na-esote ya	positive
Mmep·ª•ta ya amaka	positive
Ihe nkiri na-ak·ªçwa maka ihe.. ke a b·ª• ihe nkiri d·ªã mma ma p·ª•·ªç iche. ·ª§f·ªçd·ª• nwereike ha agagh·ªã ah·ª• ya n‚Äôanya n‚Äôihi na ha na-ahukar·ªã ihe nkiri ·ªãh·ª•nanya m·ªç·ªçb·ª•kwan·ª• maka na ha h·ª•r·ª• nd·ª• ·ª•gb·ªçala n‚Äôanya. Ihe nkiri a gosiputara etu nd·ª• d·ªã n‚Äôife na nd·ª• nd·ªã mekan·ªãk, nd·ªã na-am·ª• ·ªçr·ª•, na nd·ªã na-az·ª• ah·ªãa. ·ªå na-akuziri nd·ªã nne na nna na ·ª•m·ª•aka ezigbo ihe. ·ªå b·ª• ezigbo ihe nkiri na-ak·ªçwa ihe.	positive
Ak·ªçwap·ª•tachagh·ªã ya etu o si d·ªã, o gosip·ª•tara ejije omekome nke nwere nt·ªçala t·ªçr·ªç ·ª•t·ªç. Nke a b·ª• ihe nkiri juputere n‚Äôuru. O nweghi ebe emetagh·ªã	positive
Ak·ª•k·ªç na-esorita onwe ya nke ·ªçma na ya b·ª• ihe nkiri.. Nd·ªã dere ya na nd·ªã nyere ntuziaka nwere amamihe na nka. Daal·ª• rinne maka ihe nkiri a..	positive
·ªå t·ªçr·ªç m ·ª•t·ªç ·ªãh·ª• ebe nilie mara mma d·ªã na Leg·ªç·ªçs·ªã. Egosip·ª•tara ma ala ·ªçkp·ªçr·ªç na ala mmiri gbara okirikiri, ·ªç d·ªãgh·ªã ka ihe nkiri nd·ªã ·ªçzo na-an·ªç n‚Äôotu ebe emep·ª•ta. Leg·ªç·ªçs·ªã b·ª• ebe d·ªã mma imep·ª•ta ihe nkiri ma ·ªç b·ª•r·ª• na e jiri ebe d·ªã icheiche na ya kwara ngwa. D·ªãka any·ªã si h·ª• n‚Äôebe a, ngosiputa ebe enwere ihe mberede okporo·ª•z·ªç na-esiri nd·ªã Nollywood ike. ·ªå t·ª•r·ª• m anya ·ªãh·ª• na nke emere n‚Äôihe nkiri a d·ªã ire	positive
Ihe nkiri Citation.. Ihe nkiri zuruoke. Ah·ª•r·ª• ihe niile emep·ª•tara na ya n‚Äôanya. ·ªå d·ªã m ka ya agw·ª•na agw·ª•	positive
Ihe nkiri izizi nke Akinnuoye-Agbaje nyere ntuziaka na ya b·ª• akuk·ªç mere eme met·ª•tara nd·ª• Akinnuoye-Agbaje. D·ªãka nwa si Na·ªãj·ªãr·ªãa ezipuru UK mgbe enwere ·ªãkpaoke agb·ª•r·ª• mgbe ·ªçgb·ªç nke Widrush b·ªãarutere. Etu ihe nkiri a si d·ªã na mbido gosirip·ª•tara agwa n·ªç n‚Äôihe nkiri a d·ªãka nke d·ªã ire nke mmad·ª• p·ª•r·ª• ichefu na ·ªç b·ª• ihe ka ·ªç na-elere cheezie na ·ªç ihe na-eme na nd·ª•. E gosiri nke a site n‚Äô·ª•z·ªç d·ªãgas·ªã iche iche na ya. Ak·ª•k·ªç ya jup·ª•tara na ak·ª•k·ªç d·ªã ezigbo mkpa na ·ªçnod·ª• ihe mmer·ª•ah·ª• d·ªã ukwuu. Mgbe ·ª•f·ªçd·ª• ihe nd·ªã a siri ike ngosip·ª•ta na ya b·ª• ihe nkiri. Agwa nd·ªã na-agwado ndi isiagwa d·ªã ire mana agagh·ªã at·ª•nyere ha na isiagwa. ·ªäga n‚Äôihu, ihe nkiri a lekwasara anya na naan·ªã nd·ª•k·ª•r·ªãta ime mm·ª•·ªç nke isiagwa. N‚Äôgbanyeghi nke a, isiagwa ihe nkiri a d·ªçr·ªç mmas·ªã nd·ªã nkiri. Mkpok·ªçta ihe niile, ‚ÄòFarming‚Äô b·ª• ihe nkiri ewep·ª•tara izizi na-ak·ªçwa maka nsogbu so ·ªãch·ªçp·ª•ta onwe na ·ªãkp·ªças·ªã onwe nke e nwere ·ªçt·ª•t·ª• ihe ekwughi maka ya ma gosip·ª•ta ihe ilu, mgb·ªçwaobi, nke otu onye na-ata ah·ª•h·ª• ·ªãch·ªçp·ª•ta onye ·ªç b·ª•. Enwere ·ªçt·ª•t·ª• ihe ihe nkiri a na-egosip·ª•ta nke a na-eleghara anya ugbua mere na Britain. Uru ihe nkiri a bara kar·ªãr·ªã nkeji nar·ªã na asaa egosip·ª•tara ya	positive
Ihe nkiri d·ªã mma ekwes·ªãr·ªã ikiri	positive
Ihe nkiri d·ªã mma‚Ä¶ Ah·ª•r·ª• m ya n‚Äôanya. Agwa nile d·ªã na ya di ukwuu. ·ªå t·ªçr·ªç ·ª•t·ªç ikiri. Olilanya m b·ª• ka enwe mmep·ª•ta agba nd·ªã ·ªçz·ªç	positive
·ªä mep·ª•ta ak·ª•k·ªç ederede Darci Picoult, Dosunmu wep·ª•tara ihe nkiri di ire, nwere egwu na ejiije na omenala (any·ªã gburu oge na-elele ·ªç mar·ªãcha akwa Guirra na ·ªçmar·ªãcha ihu ya. Nke ab·ª•gh·ªã ad·ªãgboroja.	positive
Ihe nkiri d·ªã egwu!	positive
Enweghi okwu tozuruoke iji k·ªçwap·ª•ta mma ihe nkiri a nakwa etu o si chetara any·ªã na any·ªã b·ª• nd·ªã ihu ·ªçma kp·ªçr·ªç n‚Äôihi na anyi ezuteghi agha. Ak·ª•k·ªç gbasara ·ªçdach·ªã d·ªã egwu, ag·ª•g·ª•ala Naijiria ugbua na nd·ª• mmad·ª• d·ªã n‚Äôime ya.	positive
·ªå maka	positive
Ihe nkiri gosip·ª•tara maka nd·ªã Igbo‚Ä¶Lionheart gosiputara ihe mmad·ª• ·ªãb·ª• onye Igbo p·ª•tara-- ·ªãgba mb·ªç na mbik·ªçr·ªãta ·ªçn·ª•	positive
Enwere ·ªçt·ª•t·ª• amagh·ªã eme juru n‚Äôihe nkiri a. ·ª§f·ªçd·ª• n‚Äôime ha enweghi uru ·ªç bara mana nke ah·ª• emeghi ka ihe nkiri a ghara ·ªãt·ªç m ·ª•t·ªç. Enwereike, agagh·ªã m elere ya ·ªçz·ªç. Otu ugboro a m lere ya d·ªã mma	positive
N‚Äôagbanyeghi na isiokwu d·ªã na ya met·ª•tara ·ªãkpaoke met·ª•ta otu agb·ª•r·ª•, onye mep·ª•tara ihe nkiri a agbasoghi usoro ihe ngosi Nollywood ana ah·ª•kar·ªã na s·ªãn·ªãma. O ·πÖomighi. Igwe nsere onyonyo ya na-agaghar·ªã, ·ª•f·ªçd·ª• mgbe ·ªç na-akw·ª• otu ebe, nke nyere nd·ªã mep·ª•tara ihe nkiri a ohere igosiputa agwa ha nke ·ªçma d·ªãka ya b·ª• ihe nkiri na-aga iji mata ntachi obi ha	positive
Ihe na-at·ªç ·ªçch·ªã, Ihe na-at·ªç ·ªçch·ªã, Ihe na-at·ªç ·ªçch·ªã. . Nna ee, ihe nkiri a juputara n‚Äô·ªçch·ªã. ·ªå b·ª•r·ª• na ·ªã na-ach·ªç ihe nkiri ga-akpali g·ªã mm·ª•·ªç, nke a b·ª• ihe nkiri ah·ª• ga-enye g·ªã ihe ·ªã ch·ªçr·ªç	positive
Ihe nkiri d·ªã ukwuu!!. . Nke a b·ª• ihe nkiri kacha mma e mep·ª•tara na Na·ªãj·ªãr·ªãa, o juputakwara n‚Äô·ªçch·ªã.	positive
·ªåMAL·ªäCHA ·ª§M·ª§NWAANY·ªä AFR·ªäKA	positive
Amagh·ªã m ebe nd·ªã nyere ihe nkiri a akara ala si weta echiche ha mana kwenye ihe m kwuru, ihe nkiri a b·ª• ihe m leregoro kamgbe ·ªçt·ª•t·ª• oge. O nweghi nt·ª•p·ªç, ·ªç maka, ma kaa Bollywood mma	positive
Ngosip·ª•ta ihe esereese d·ªã na ihe nkiri a d·ªã mma, onye nyere ntuziaka ya mere ya nke ·ªçma.	positive
Mmep·ª•ta p·ª•r·ª• iche‚Ä¶.. Agwa Temi Otedola na-aba anya. Ngosip·ª•ta ihe nkiri a t·ªçr·ªç m ·ª•t·ªç nakwa etu esi wep·ª•ta ozi nke ·ªçb·ª•la na ya.	positive
Nz·ªç·ª•kw·ª• d·ªã ukwuu n‚Äô·ªãmalite iji aka any·ªã k·ªçwa ak·ª•k·ªç any·ªã‚Ä¶ Ihe nkiri a na-egosip·ª•ta ah·ª•h·ª• nd·ªã any·ªã leghara anya n‚Äôobodo na-ata. ·ªå na-ad·ªãri any·ªã mfe ·ªãkpe mmad·ª• ikpe, mana mgbe ak·ªçr·ªç ·ª•d·ªã ak·ª•k·ªç a, ·ªç ga-eme ka ·ªãmalite ile mmad·ª• ·ªçb·ª•la anya n‚Äô·ª•z·ªç. Ngw·ª•cha ya d·ªçr·ªç oke mmas·ªã ma juputa n‚Äôobinkonelu nke ga-eme ka ·ªã ch·ªãghar·ªãwa uche maka ·ªãhe ·ªã h·ª•r·ª•	positive
Onweghi nt·ª•p·ªç!!! üî•üî•üî•. . Nke a b·ª• ihe nkiri Afr·ªãka nke af·ªç a. Awa ab·ª•·ªç na nkeji at·ªç ihe nkiri a t·ªçr·ªç m ·ª•t·ªç üòÄüëèüëèüëèüî•üî•üî•üî•üî•üî•‚úî‚úå	positive
Ak·ª•k·ªç anagh·ªã ah·ª• mgbe niile gbasara uru ezin·ª•l·ªç bara site n‚Äôisi ·ª•z·ªç ·ªçz·ªç legara ya anya Atap·ªãara ya nke ·ªçma	positive
N‚Äôikpeaz·ª•, ihe nkiri si Na·ªãj·ªãr·ªãa. Kamgbe ·ªçt·ª•t·ª• af·ªç ka m na-at·ª• anya ka Na·ªãj·ªãr·ªãa mep·ª•ta ihe nkiri d·ªã egwu. Esiri Brothers b·ª• ·ª•d·ªã ihe nkiri ah·ª• m na-at·ª• anya.	positive
Eziokwu e ji amamihe mep·ª•ta ihe nkiri a nke ·ªçma. Ekele d·ªãr·ªã nd·ªã agwa n·ªç na ya maka ezi ngosip·ª•ta agwa ha	positive
O siri ike nkeji ise ·ªã ga n‚Äôihe nkiri a ka ·ªã ghara ·ªãh·ª• ihe ga-at·ªç g·ªã ·ªçch·ªã. Echeghi m na enwere ihe nkiri Na·ªãj·ªãr·ªãa kacha ud·ªã ihe nkiri a (n‚Äôihe nkiri nt·ªç ·ªçch·ªã ar·ªçr·ªç ar·ªç). Mmet·ª•ta ihe nkiri ah·ª• d·ªãkwa mma nke ·ªçma.	positive
Ihe nkiri ·ªãh·ª•nanya na-at·ªç ·ªçch·ªã nke Nollywood.. Ihe nkiri a nwere ikikere ime ka ·ªã ch·ªãa ·ªçch·ªã ma inwe ·ª•b·ªçch·ªã ·ªçj·ªç·ªç.	positive
Ihe nkiri met·ª•tara obodo ab·ª•·ªç d·ªã mma‚Ä¶. Naan·ªã ihe m ah·ª•gh·ªã n‚Äôanya na ya b·ª• na egosighi Obodo Na·ªãj·ªãr·ªãa na Ind·ªãa na ya. Ihe nkiri ·ªãh·ª•nanya mara mma.	positive
Ihe nkiri a malitere site n‚Äô·ªãkp·ª• akp·ª•. Ak·ª•k·ªç d·ªã mma.	positive
King of Boys....Ihe nkiri a amaka, malite n‚Äôak·ª•k·ªç ya ruo na nd·ªã mep·ª•tara ya, akwa ha yi na mmet·ª•taobi e gosip·ª•tara. Ana m eme nganga ·ªãb·ª• onye Na·ªãji·ªãr·ªãa ugbua. Jisie ike Kemi Adetiba, jisie ike Sola Sobowale!	positive
Ihe nkiri onye ·ªçb·ª•la kwes·ªãr·ªã ·ªãh·ª•.... Namaste wahala b·ª• ihe nkiri eji nka gosip·ª•ta nke na-egosi mmek·ªçr·ªãta d·ªã n‚Äôetiti omenala ab·ª•·ªç. Njik·ªç Nollywood na Bollywood b·ª• ihe niile d·ªã mma n‚Äôihe nkiri ·ªãh·ª•nanya. Nd·ªã niile b·ª• nd·ªã Ind·ªãa n·ªç na ya gosiri agwa ha nke ·ªçma.	positive
·ªå d·ªã ire, na-at·ªç ·ª•t·ªç. Na nch·ªãk·ªçta ·ªç d·ªã mma. M ga-elerewu ya kwa ·ª•b·ªçch·ªã niile. ·ªå d·ªã m ka s·ªã b·ª•r·ª• na a na-egosi ya kar·ªãa otu ugboro n‚Äôizu. ewep·ª• nke ah·ª•, ·ªç d·ªã mma. ·ª§f·ªçd·ª• ihe nkiri d·ªã ire na-ap·ª•ta d·ªãka ihe emere eme, mana ·ªçb·ª•gh·ªã nke a.	positive
N‚Äô·ªãgbaso usoro Nollywood, aga m enye ihe nkiri a akara itoolu n‚Äôihi ak·ª•k·ªç ya p·ª•r·ª• iche na ezi mmep·ª•ta ya nke mere ka ·ªçghara ·ªã d·ªãka ihe nkiri Na·ªãj·ªãr·ªãa.	positive
Ak·ª•k·ªç d·ªã mma‚Ä¶ ·ªå b·ª• ihe nkiri d·ªã mma nwere ·ªçmal·ªãcha ak·ªçmak·ªç. Ah·ª•r·ª• m ya n‚Äôanya.	positive
Okwu k·ªçr·ªç m.... Ihe nkiri a w·ª•r·ª• m akpataoyi. ·ªå d·ªçr·ªç mmas·ªã m ma d·ªçrie obi m. N‚Äôezie, e gosip·ª•tara Chukwu etu okwes·ªãr·ªã. Chukwu g·ªçzie onye dere ya, nd·ªã mep·ª•tara ya na nd·ªã niile so na ya. Nd·ªã agwa n·ªç na ya d·ªã elu. Ha r·ª•r·ª• ·ªçr·ª• ha nke ·ªçma	positive
Mmek·ªç d·ªã n‚Äôetiti Maaz·ªã Tayo (Bimbo Manuel) na Ejiro (RMD) t·ªçr·ªç m ·ª•t·ªç,	positive
Otu ihe m h·ª•r·ª• n‚Äôanya n‚Äôihe nkiri a b·ª• etu ak·ª•k·ªç ya si d·ªã na etu nd·ªã agwa n·ªç na ya si gosip·ª•ta ya. E kwes·ªãr·ªã ·ªãk·ª•r·ª• nd·ªã dere ya, nd·ªã nyere ntuziaka ya na nd·ªã mere ihe osise ya aka maka mb·ªç ha gbara.	positive
Ihe nkiri ·ª•ka kacha mma!!!‚Ä¶ Ah·ª•r·ª• m ihe nkiri a n‚Äôanya! Emere ya nke ·ªçma. Mmep·ª•ta ya d·ªã mma ak·ª•k·ªç ya na-eju af·ªç. Ndi niile tinyere aka na ya ·ª•n·ª• awaka. Ihe nkiri ekwes·ªãr·ªã ikiri!....MATA NA. ·ªä ga-ach·ªç ihe ·ªã ji eficha anya mmiri	positive
Ah·ª•r·ª• m ya n‚Äôanya‚Ä¶.Ah·ª•r·ª• m ihe nkiri a n‚Äôanya, agwa n·ªç na ya, onye nyere ntuziaka wdg. Onya ·ªçb·ª•la mere ka ·ªç d·ªã iche site n‚Äôemereme ya. Onye ·ªçb·ª•la h·ª•r·ª• ya ka ihe nkiri ad·ªãgh·ªã mma amagh·ªã ihe nkiri d·ªã mma, onwekwara ike ·ªç b·ª•ru na ·ªçmagh·ªã omenala any·ªã.	positive
·ªå maka ‚Ä¶Ihe nkiri a mara mma tinyere agwa n·ªç na ya. ·ªå na-at·ªç m ·ª•t·ªç ·ªãh·ª• B·ªãs·ªçla n‚Äôihe nkiri. ·ªå d·ªã mma.	positive
Mmep·ª•ta d·ªã mma, ntuziaka d·ªã mma, ak·ª•k·ªç ya ad·ªãchagh·ªã ukwuu. E mepere akant·ª• naan·ªã ide maka ihe nkiri a. ·ªå b·ª• ·ªçr·ª• nka mara mma.	positive
·ªå na-ad·ªçr·ªç mmas·ªã‚Ä¶ Ihe nkiri a t·ªçr·ªç m ·ª•t·ªç. Mmep·ª•ta ya na akuk·ªç ya mara mma. Ah·ª•tara m ya d·ªãka ihe d·ªã mma iche maka nd·ª• Ishi- nke a n‚Äôezie b·ª• ihe mmepe anya nye onye ·ªçb·ª•la amanyere n‚Äôal·ª•mdi	positive
Gabriel Afolayan b·ª• onye na-eme ihe nkiri p·ª•r·ª• iche; ·ªç na-agh·ªçta ·ªçr·ª• ya mgbe niile	positive
·ªå d·ªãgh·ªã nj·ªç d·ªãka esi dee maka ya	positive
Ihe nkiri na emereme d·ªã ukwuu‚Ä¶. Ejik·ªçtara ak·ª•k·ªç d·ªã ukwuu, emereme na ihe nt·ªç ·ªçch·ªã d·ªã ukwuu ·ªçn·ª• na ya. Ihe nkiri na-akpal·ªã mm·ª•·ªç na nd·ªã omee d·ªã egwu	positive
Ihe nkiri d·ªã mma amara mee mana o gosiputagh·ªã d·ªãka esi ch·ªç·ªç na ihe nkiri nt·ªç ·ªçch·ªã nke ·ªçma, ·ªç manyere na mmep·ª•ta ag·ª•g·ª•ala	positive
·ªå maka‚Ä¶ Mgbe izizi m hur·ª• ya, o juru m anya. Ach·ªçgh·ªã m ikwu ka onye isi ad·ªãgh·ªã mma mana ana m am·ª• gbasara ihe ·ª•wa a. Ana m at·ª• anya mmeputa ya nke ab·ª•·ªç agwa d·ªãbu na nke mb·ª• n·ªç na ya nakwa ak·ª•ko miriemi.	positive
·ªå maka, ·ªç b·ª•r·ª• na mb·ª•, a p·ª•r·ª• m ·ªãgafe ihe nkiri a, mana eziokwu b·ª• na ·ªç b·ª• ezigbo ak·ª•k·ªç, site na ya ka ·ªã ga-ah·ª• na emefughi ·ªçt·ª•t·ª• ego na mmep·ª•ta ya mana ntuziaka ya na emereme ya amaka! Ngosip·ª•ta ebe a na-al·ª• ·ªçg·ª• ad·ªãchagh·ªã ukwuu. ·ªå d·ªã mma nkiri.	positive
Ak·ª•k·ªç na-ad·ªçr·ªç mmas·ªã gbasara ezina·ª•l·ªç na agha. Akwadoro m ihe nkiri a n‚Äôenweghi echiche ab·ª•·ªç.	positive
Wow.. Ihe nkiri a mere ka m hap·ª• onye m·ª• na ya n·ªçb·ª• na-ach·ªç onye ka mma. Ihe nkiri d·ªã ukwuu. ·ªå na-aga nway·ªç·ªç nway·ªç·ªç mgbe o bidoro mana elere m ya ruo na ngw·ª•cha. Ngaghachi az·ª• n‚Äôak·ª•k·ªç ya mere ka ngw·ª•cha ihe nkiri a kp·ª•r·ª• ·ªçk·ª• n‚Äô·ªçn·ª• n‚Äôihe na ihe niile mechara ch·ªãk·ªçta ·ªçn·ª•.	positive
·ªå b·ª•r·ª• na mmad·ª• anwagh·ªã ·ªãma ka ihe d·ªã, onye ah·ª• agagh·ªã am·ª•ta. Ihe nkiri a r·ª•t·ª•r·ª•aka na nsogbu kacha ·ª•m·ª•nwoke ojii na-enwe nke b·ª• nch·ªçp·ª•ta onwe.	positive
Site na mkpughe, Eyimofe (nke nt·ª•ghar·ªã ya p·ª•tara ‚ÄúNke a b·ª• Mmas·ªã m) gosip·ª•tara mmad·ª• inwe ntach·ªã obi ·ªãp·ª•ta na nsogbu, ma mee ka Arie na Chuko b·ª•r·ª• nd·ªã ·ªçh·ª•r·ª• n‚Äôimep·ª•ta ihe nkiri.	positive
Nke ab·ª• ak·ª•k·ªç d·ªã mma sitere n‚Äôaka onye any·ªã mara b·ª• ezigbo ·ªçk·ªç ak·ª•k·ªç. Gold Statue nwereike ·ªç b·ª•gh·ªã ihe nkiri Tade Ogidan kara mep·ª•ta nke ·ªçma mana ·ªç natara ogo d·ªã elu.	positive
Ihe nkiri d·ªã mma. Akuk·ªç d·ªã ukwuu. ·ªå d·ªã mma nkiri. Ana m akwado ya	positive
Nke a t·ªçr·ªç ·ª•t·ªç nkiri. ‚Ä¶The Delivery Boy na-enye obi a·πÖ·ª•r·ªã. Ak·ª•k·ªç mara mma ak·ªçr·ªç nke ·ªçma. ·ªä kwes·ªãr·ªã ilee ya!	positive
·ªå kwes·ªãr·ªã inwe mmep·ª•ta ise!!!... Ihe nkiri a na-ad·ªçr·ªç mmas·ªã na-emekwa obi ·ª•t·ªç. ·ªå b·ª•r·ª• na nd·ªã ·ª•ka alak·ª•ba h·ª•tara nsogbu na ya, gbanwee m·ªç·ªçb·ª• debiri aha ya. Biko, ihe nkiri amara mee ka ·ªç b·ª•!!! Edere ak·ª•k·ªç ya nke ·ªçma!!! Ihe ngosi ya amaka. :)	positive
Ihe nkiri d·ªã egwu‚Ä¶Agh·ªçtagh·ªã m ihe mere eji ghara inye ya ederede nkwado etu ·ªç kwes·ªãr·ªã n‚Äôihi na ·ªç b·ª• ihe nkiri p·ª•r·ª• iche. Mmep·ª•ta ya niile d·ªã mma nke a mere ka m lere ha nilie d·ªãka nwa akw·ª•kw·ªç d·ªçk·ªãta. Ihe nkiri a d·ªã egwu. Eweriri m onye mep·ª•tara ya na nd·ªã agwa n·ªç na ya aka elu.	positive
Emep·ª•tara ya nke ·ªçma. ·ªå b·ª• ife nye ihe a na-emep·ª•tabu na s·ªãn·ªãma Afr·ªãka. Ihe nkiri a b·ª• ezi nz·ªç·ª•kw·ª• na-aga etu okwes·ªãr·ªã d·ªãka o si met·ª•ta sin·ªãma Afr·ªãka	positive
Ihe nkiri na-at·ªç ahaziri nke ·ªçma nwere egwu jazi, popi, na okestra.	positive
Ihe nkiri a b·ª• return of the King nwere ebube.	positive
·ªår·ª• d·ªã ukwuu	positive
Eji ezi nka dee ya, ak·ª•k·ªç onwe mere eme emep·ª•tara nke ·ªçma	positive
·ªå ka so na ihe nkiri kacha mma n'af·ªç 2017. Isoken b·ª• ihe nkiri d·ªã ukwuu na-egosip·ª•ta omenala obodo. Nhazi, eserese, ·ª•cha,na-egosi ·ªçt·ª•t·ª• omenala nke ·ªçma. Ihe nkiri a nwere ebe nt·ªç ·ªçch·ªã na emereme d·ªã mma na ya.	positive
·ªå d·ªã mma nkiri‚Ä¶.Ihe nkiri d·ªã egwu! ·ªå t·ªçr·ªç m ·ª•t·ªç na ha kwadoro as·ª•s·ª• Igbo na ya!	positive
"Igwefoto eji agbas·ªç isere mmet·ª•taobi, nhazi na-ad·ªçr·ªç mm·ª•·ªç na ak·ª•k·ªç d·ªãka nke ama ama ak·ªçr·ªç n‚Äô·ª•z·ªç ·ªçz·ªç. Nke a mere ka ‚Äú""√íl√≤t≈´r√©‚Äù b·ª•r·ª• ihe nkiri ·ªã ga-anabata."	positive
·ªä kwes·ªãr·ªã ilere ihe a!!!!!...Ihe kwes·ªãr·ªã ka elere!!! Ah·ª•r·ª• m agwa n·ªç na ya n‚Äôanya. Nhazi akuk·ªç ya zuruoke	positive
ihe nkiri t·ªçr·ªç ·ª•t·ªç	positive
Ah·ª•ru m g·ªã n‚Äôanya‚Ä¶E nwere m nwa	positive
Ihe nkiri nke Kemi Adetiba amara mee, e dere ak·ª•k·ªç ya nke ·ªçma, ezigbo ihe eserese. Agwa niile n·ªç na ya mere nke ·ªçma. Nke a b·ª• ihe nkiri toro ugo d·ªã ukwu... Nd·ªã niile tinyere aka mep·ª•ta ya, unu emeka.	positive
Ihe nkiri d·ªã ike nke ihe omume echefuru kpamkpam n‚Äô akuk·ªç mere eme. ·ªå b·ª•gh·ªã nke nd·ªã ume na-ekorap·ª•	positive
Ihe nkiri d·ªã ukwuu - na-enye obi ·ª•t·ªç na-akuzikwa nkuzi	positive
ihe nkiri d·ªã ike nwere ihe nt·ªç ·ªçch·ªã na ya, ud·ªã a na-amas·ªã m	positive
Wow, nke a b·ª• ak·ª•k·ªç mere eme! Wow! ·ªå maka.... ·ªå b·ª• ak·ª•k·ªç gbasara nd·ªã isi ojii bi mba ·ª•wa d·ªã iche iche n‚ÄôAfr·ªãka. Obi d·ªã m ·ª•t·ªç na nwanne any·ªã nwoke mere ka amara maka ak·ª•k·ªç ya, dee ya nye ntuziaka ya ma soro n‚Äôagwa n·ªç na ya. Wow, ngosip·ª•ta agwa Damson na-ad·ªãkar·ªã mma.	positive
·ªå d·ªã mma. ·ªå t·ªçr·ªç ·ª•t·ªç etu ha si gosip·ª•ta omenala ab·ª•·ªç ah·ª•. ·ªå t·ªçr·ªç m ·ª•t·ªç mgbe niile m na-elere ya. Ihe nkiri achap·ª•r·ª• anya mee.	positive
Ihe nkiri amara mee.... Ihe nkiri a b·ª• ihe magburu onwe ya gbasara ·ª•m·ª•akw·ª•kw·ªç nwaany·ªã na mahadum nd·ªã nkuzi nwoke na-awakpo na mmek·ªçah·ª•. O zipuru ozi ya n‚Äô·ª•z·ªç d·ªã mfe ·ªãgagh·ªã eche ihe ·ªçz·ªç gbasara ya. ·ª•f·ªçd·ª• ebe emetagh·ªã ap·ª•r·ª• ·ªãgbaghara	positive
·ªå maka ‚Ä¶. Ah·ª•r·ª• m etu e si jiri egwu gosip·ª•ta omenala. ·ªå t·ªçr·ªç m ·ª•t·ªç ·ªãh·ª• nd·ªã na-eme ka m kirie Nollywood ·ªçz·ªç. O juputara n‚Äô·ªçch·ªã na ·ª•t·ªç	positive
Ihe nkiri si Na·ªãj·ªãr·ªãa mara mma‚Ä¶.Ah·ª•r·ª• m ihe nkiri a n‚Äôanya. Ngosip·ª•ta agwa n·ªç na ya d·ªã ukwuu. Onye ·ªçb·ª•la n‚Äôime ha wep·ª•tara onwe ya nke ·ªçma ma mee ya b·ª• ihe nkiri. Njak·ªãr·ªã amara na ya b·ª• ·ª•d·ªã any·ªã na-ah·ª• na nd·ª•. ·ªå kuzikwara ihe.	positive
Emetara ya ‚Ä¶. As·ª•s·ª• ya b·ª• as·ª•s·ª• Obodo, ndi mere ya mere ya nke ·ªçma, mmep·ª•ta ya amaka, ndezi ya d·ªã ukwuu. Nke kacha mma b·ª• na o wep·ª•tara ma mee ka ah·ª•kee Ajegunle nke ·ªçma	positive
·ªår·ªãa ·ªçj·ªç·ªç ·ªçh·ª•r·ª• nwere ike ime ·ªçz·ªç!‚Ä¶..·ªå b·ª• ihe nkiri mara mma ak·ªçwara etu ihe si mee n‚Äôezie. ·ªå ka ihe nkiri akp·ªçr·ªç Contagion n‚Äôakw·ª•kw·ªç m mma. Ak·ª•k·ªç ya mere ka m cheta ·ª•l·ªç. ·ªå b·ª• ·ªçdach·ªã izizi zutere m n‚Äô·ª•wa . Ach·ªçr·ªç m igote DVD. Otela mgbe m ji ach·ªç ya na US ah·ª•beghi m ya. O nwere onye nwere ike ·ªãgwa m etu m ga-esi gote ya? Daal·ª•.	positive
Ked·ª• etu ihe nkiri nwere ·ª•d·ªã isiokwu a siri kp·ª•·ªç akp·ª• na-agw·ª• ike? Ked·ª• ihe ngwangwa na ya? Ked·ª• obinkonelu na ya? Ndezi ya mere ka ara gbaa m. Enweghi ihe kwes·ªãr·ªã ime ka ihe nkiri a ruo awa ab·ª•·ªç na ·ªçkara. Nke a b·ª• ihere n‚Äôihi na ·ªç na-ar·ª•t·ª• aka na ezigbo nsogbu. ·ªåkara ·ªãka mma ma ·ªç b·ª•r·ª• na o ziri ozi ya ghara ime ka nd·ªã na-ekiri ya rah·ª• ·ª•ra.	positive
Lionheart b·ª• ihe nkiri mara mma üëè. . .. ·ªå b·ª• ihe nkiri Nollywood m lere kacha mma. Nke ·ªçb·ª•la n‚Äôime ya mara mma, t·ªçt·ª• ·ªçch·ªã ma na-akuzikwa ihe. ·ªå t·ªçr·ªç m ·ª•t·ªç na egosip·ª•tara Na·ªãj·ªãr·ªãa nke ·ªçma	positive
Agba nke ab·ª•·ªç‚Ä¶.. Ah·ª•r·ª• m agba nke mb·ª• n‚Äôanya. Ana m eche agba nke ab·ª•·ªç. Ah·ª•r·ª• m nd·ªã agwa niile n·ªç na ya n‚Äôanya. Ana m at·ª• anya na a ga-enwe mmep·ª•ta nd·ªã ·ªçz·ªç.	positive
·ªå b·ª• ihe nkiri awa ab·ª•·ªç m gagh·ªã akp·ªç ihe nkiri na-eme obi ·ª•t·ªç kama ihe nkiri na-enye ike. ·ªå b·ª•r·ª• na obi na-al·ªç m mmiri, o mere ka obi sie m ike‚Ä¶.Ihe nkiri a met·ª•tara m n‚Äôihi na aka Chukwu ezutego m mb·ª•‚Ä¶.. Azakwara m okwu Chukwu ·ªçz·ªç.	positive
Ihe nkiria gosiri n‚Äôozuzuoke nwakpo mmek·ªçah·ª• ·ª•m·ª•akw·ª•kw·ªç nwaany·ªã n·ªç mahadum Na·ªãj·ªãr·ªãa na ·ªåd·ªãda Anyaw·ª• Afr·ªãka na-ah·ª•	positive
·ªå mara mma‚Ä¶.Fifty zuru ka emee ·ªç mara mma, jupute na nd·ª•. At·ª•r·ª• anya na ·ªç ga-at·ªç ·ªçch·ªã na ngw·ª•cha mana akpata oyi anw·ª•gh·ªãkebe m. Mana obi t·ªçr·ªç m ·ª•t·ªç icheta ·ª•f·ªçd·ª• ihe emere na ya b·ª• ihe nkuzi n‚Äôikpeaz·ª•.	positive
Nke a b·ª• ihe nkiri si n‚Äôaka Kunle Afo kacha ba uru ‚Ä¶. Ihe nkiri a r·ª•t·ª•r·ª• aka n‚Äôisiokwu kacha mkpa n‚Äôag·ª•maakw·ª•kw·ªç Na·ªãj·ªãr·ªãa.. Akuk·ªç ya mara mma, ·ªç d·ªçr·ªç mmas·ªã, emereme ya d·ªã mma. Ihe nkiri a b·ª• ihe nkiri kacha mma ·ªã ga-elere gbasara nwakpo mmek·ªçah·ª• na mahadum . H·ª• ya n‚Äôanya. Enwela obi ab·ª•·ªç. ·ªå d·ªã mma	positive
Ihe nkiri mara mma‚Ä¶.Aka m lerep·ª•r·ª• Lara na Beat na Netflix. Ihe nkiri a amaka. Ihe ngosi ya mara mma, emereme ya amaka, ak·ª•k·ªç d·ªã ukwuu, egwu mara mma, ihe nkiri zuruoke ezina·ª•l·ªç ga-ele maa nwee obi ·ª•t·ªç.	positive
·ªå maka‚Ä¶Ah·ª•r·ª• m ihe niile gbasara ya n‚Äôanya. Omenala ya, as·ª•s·ª• ya na egwu ya amaka .	positive
Ihe nkiri na-enye any·ªã mmet·ª•ta 1980s, ruo ka e si hazie emume, omume idebiga ude ·ªãji cha ·ªçcha, uwe, na iji damask na adire emesap·ª• aka	positive
Ihe nkiri amara mee. Egosip·ª•tara agwa nke ·ªçma. Eji ihe ·ªãma mma na nka ch·ªç·ªç ya b·ª• ihe nkiri mma. Ak·ª•k·ªç ya n‚Äôagbanyeghi na onweghi ihe p·ª•r·ª• iche na ya d·ªçr·ªç mmas·ªã, ma mee ka ·ªãm·ª•ta otu ihe m·ªç·ªçb·ª• ab·ª•·ªç n‚Äôisiokwu ak·ª•k·ªç ya.	positive
"Nwep·ª•ta agba nke ab·ª•·ªç biko!.... Elere m ""Fifty Series‚Äù ma lekwasa Castle & Castle maka na Tola n·ªç na ya. Ah·ª•r·ª• m ihe nkiri a n‚Äôanya ma ch·ªç·ªç ka enwee agba nke ab·ª•·ªç ya. Ihe m kp·ªçr·ªç as·ªã na ya b·ª• na o nyere m obinkonelu na ngw·ª•cha ya ka a ga-as·ªã na a na-ewep·ª•ta agba nke ab·ª•·ªç ya.. N‚Äôihi ya biko wep·ª•ta agba nke ab·ª•·ªç!!"	positive
Ihe nkiri egwu!...Ihe nkiri a juputara n‚Äôobi mmap·ª•, ihe nkiri ezina·ª•l·ªç nwere obi mgbawa na ak·ª•k·ªç amara dee nke ·ªçma ya na ezi ngosip·ª•ta emereme.	positive
·ªå d·ªã mfe na-at·ªç ·ª•t·ªç! Ihe nkiri nt·ªç ·ªçch·ªã nwere ezigbo ak·ª•k·ªç. Bido na ·ª•m·ª•nne nwaany·ªã banye na onye iro, ihe nkiri ekwes·ªãr·ªã ikiri. Agagh·ªã m echez·ªç ar·ªçmar·ªç d·ªã na ya p·ª•r·ª• iche. Akwadoro m ya nke ·ªçma	positive
Ha mere ihe siri ike site n‚Äôewep·ª•ta ihe nkiri na emereme ya d·ªã mma.	positive
Farming nwereike ·ªçb·ª•gh·ªã ihe nkiri amara mmep·ª•ta, mana ·ªç d·ªçr·ªç mmas·ªã site n‚Äôetu Damson Idris si gosip·ª•ta agwa ya. N‚Äôagbanyeghi nke ah·ª•, ·ªç ka b·ª• ak·ª•k·ªç ekwes·ªãr·ªã ·ªãk·ªç.	positive
·ªå MAKA NN·ªå·ªå!!!...Ihe niile gbasara ihe nkiri a amaka! Ak·ª•k·ªç ya, nd·ªã agwa n·ªç na ya, ntuziaka enyere, nakwa ihe niile ha yi n‚Äôah·ª•. Ihe nkiri a t·ªçr·ªç m ·ª•t·ªç. Eji m otu nkeji tachap·ª• popcorn m! Ih·ª•nanya ·ªãh·ª•nanya ·ªãh·ª•nanya! Biko mep·ª•takwuo ihe nkiri ·ªçh·ª•r·ª•!!!	positive
Ihe nkiri met·ª•tara obodo ab·ª•·ªç d·ªã mma‚Ä¶. Naan·ªã ihe m ah·ª•gh·ªã n‚Äôanya na ya b·ª• na egosighi obodo Naijiria na Ind·ªãa na ya.... Ihe nkiri ·ªãh·ª•nanya mara mma.	positive
Ihe nkiri mara mma‚Ä¶Ah·ª•r·ª• m ilere ihe nkiri a n‚Äôanya. O nwere nhazi ak·ª•k·ªç mara mma, ezi ntuziaka, Dakore na nd·ªã agwa n·ªç na ya mere nke ·ªçma. Egosip·ª•tara omenala na nketa nd·ªã. O tuzuruoke ·ªãnata akara Oscar na katigori ihe emereme amaala. Ana m enye ya akara 10/10.	positive
Ihe nkiri mara mma. Wow wow wow. Nollywood agbagola.	positive
·ªå maka‚Ä¶Ak·ª•k·ªç mara mma eji nlezianya mee. Na nch·ªãk·ªçta, emere ihe nkiri a ·ªçf·ª•ma.	positive
Ihe nkiri d·ªã ukwuu si Nollywood..... Edeghi Lionheart ka ·ªç b·ª•rukwa na edere ihe nkiri. ·ªå gosip·ª•tara ·ªçt·ª•t·ª• ihe na-eme na Na·ªãj·ªãr·ªãa nke ga-ewe onye na-elere ya iwetu anya ala ch·ªçp·ª•ta ihe nd·ªã ah·ª•.	positive
Nke ab·ª• ihe nkiri si Nollywood kacha mma.·ªå d·ªãka ihe nkiri si Afr·ªãka-Amer·ªãka p·ª•ta. Emereme ya b·ª• ·ªçkaibe. Nke kacha at·ª• n‚Äôanya b·ª• na nke a b·ª• ihe emereme mb·ª• onye b·ª• isiagwa na ya b·ª• ihe nkiri. Jisie ike	positive
·ªå d·ªãka ihe nkiri nt·ªç ·ªçch·ªã Shakespeare, nke juputara n‚Äôihe ·ªçch·ªã, ezi ngosip·ª•ta agwa,na-enye ngh·ªçta ·ªçj·ªç·ªç n‚Äôetu e si emep·ª•ta mjirimara site n‚Äôesemokwu ibi nd·ª• obodo na nke nd·ªã s·ªã mba ·ªçz·ªç.	positive
Nd·ªã Na·ªãj·ªãr·ªãa n·ªç Brooklyn‚Ä¶ Nke a b·ª• ihe nkiri mara mma, o jup·ª•tara na obinkonelu, echere echiche nke ·ªçma wep·ª•ta ya, ·ªç maka.	positive
Temi Otedola r·ª•r·ª• ezigbo ·ªçr·ª•	positive
Daal·ª• maka igosip·ª•ta etu Chukwu si ar·ª• ·ªçr·ª• na nd·ª• any·ªã. Ihe nkiri a na-echetara any·ªã etu Chukwu si ar·ª• ·ªçr·ª• site na nd·ªã ezughioke, nd·ªã nwere ncheghar·ªã b·ª• nd·ªã a kp·ªçr·ªç ka ha rubere ya isi. ·ªå na-eme nke ·ªçz·ªç. ·ªå kwes·ªãri ntukwas·ªã obi na ·ªç ga-emezu ihe ·ªç malitere. Ihe nkiri na-eto aha Chukwu. O gosip·ª•tara ·ªãd·ªã mma, ebube na ike Chukwu nna, Chukwu nwa na mm·ª•·ªç ns·ªç. Daal·ª•.	positive
Ak·ª•k·ªç ya maka‚Ä¶..nh·ªãk·ªçs·ªã ak·ª•k·ªç ya amaka. O juputara n‚Äôobinkonelu. T·ªç ·ª•t·ªç na-ad·ªçr·ªç mmas·ªã. ·ªå r·ª•t·ª•r·ª• ·ªçt·ª•t·ª• aka na mkpa mkpar·ªãta ·ª•ka d·ªã na mmek·ªçr·ªãta mmad·ª• na ibe ya. Aga m elere ya ugboro ugboro.	positive
Ah·ª•r·ª• m ihe nkiri a n‚Äôanya. Elerego m ya ·ªçt·ª•t·ª• ugboro. Ana m at·ª•anya ·ªçr·ª• ·ªçz·ªç na ya	positive
Omuma Na·ªãj·ªãr·ªãa nke oge a.....Nollywood nwere ihe nkiri met·ª•tara ·ªçch·ªãch·ªã, efemchi, na agb·ª•r·ª• maka nd·ªã ch·ªçr·ªç ·ªãgbasa ngh·ªçta ha gbasara ihe ·ªçj·ªç·ªç na-eme n‚Äô·ª•wa nakwa ihe mere obere obodo na Na·ªãj·ªãr·ªãa ji juputa n‚Äôihe ·ªçj·ªç·ªç. Ihe nkiri a r·ª•t·ª•chara ihe nd·ªã a niile aka d·ªãka o si mmet·ª•ta mkp·ª•r·ª• obi.	positive
·ªå na-at·ªç ·ª•t·ªç nkiri ·ªçkacha ma ·ªç b·ª•r·ª•na ·ªã na-agh·ªçta as·ª•s·ª• Igbo‚Ä¶Mana n‚Äôozuzuoke, ·ªç b·ª• ihe nkiri d·ªã mma..	positive
Ihe nkiri a d·ªãka egwu agwara ·ªçgwa ekpok·ªçtara ya na ihe nt·ªç ·ªçch·ªã amagh·ªã mee. O doghi anya ma ·ªç ch·ªçro ·ªã b·ª• ihe nto ·ªçchi m·ªç·ªçbu ihe nk·ªçcha.	positive
Genevieve Nnaji gosip·ª•tara ·ªçz·ªç ihe mere o jiri b·ª•r·ª• okaibe n‚Äôihe ikiri site etu o si nye ezi ntuziaka n‚Äôihe nkiri mb·ª• o mep·ª•tara . Naan·ªã ihe any·ªã p·ª•r·ª• ikwu b·ª• jisie ike	positive
Ihe nkiri gosip·ª•tara olilanya obodo maka s·ªãn·ªãma‚Ä¶..Ana at·ª• anya na nd·ªã ·ªçz·ªç na-emep·ª•ta ihe nkiri na Na·ªãj·ªãr·ªãa ga-agbaso usoro a. Nke a ga-eme ka Na·ªãj·ªãr·ªãa soro na nd·ªã na-emeputa ihe nkiri n‚Äô·ªçd·ªãnihu.	positive
·ªå nwere mmet·ª•taobi. ‚Ä¶.Nke a mere ka m kpaa nganga na m b·ª• onye Na·ªãj·ªãr·ªãa. Ewepu akuk·ªç ya, agwa n·ªç n‚Äôemereme d·ªçr·ªç mmas·ªã.	positive
·ªå b·ª•r·ª• na ·ªã na-ach·ªç egwu ag·ª•r·ª• na ihe edere maka ihe nkiri a‚Ä¶ Egwu d·ªã na ngw·ª•cha ya. Na n‚Äôazu o nwegh·ªã okwu ·ªçb·ª•la ha kwuru kar·ªãa uri na-akpot·ª•. Ana m anwaa ike ·ªãch·ªçta aha ya. . . . . ·ªåz·ªçkwa, ·ªç b·ª• ·ªçmal·ªãcha ihe nkiri na-akp·ª• akp·ª•. Emereme d·ªã na ya d·ªãkwa kpoo. Mmet·ª•taobi d·ªã na ya nwechara isi. Ma mkparita·ª•aka okwu nd·ªã ah·ªçp·ª•tara, mmemme, kemistri d·ªãcha ka ihe na-eme eme. Enwekwara ·ªçt·ª•t·ª• oge ha gbachiri nkiti ana ekwughi okwu na ya. O nwereike ·ªã h·ª• ·ª•d·ªã ihe nkiri a n‚Äôanya m·ªç·ªçb·ª• ·ªãghara ·ªãh·ª• ya n‚Äôanya.	positive
nke a b·ª• ihe nkiri sci fi m kacha h·ª• n‚Äôanya si Na·ªãj·ªãr·ªãa. Ah·ª•r·ª• m ihe nkiri a n‚Äôanya, ·ªç danyere n‚Äô·ª•d·ªã m h·ª•r·ª• n‚Äôanya nke a nyere m af·ªç ojuju. Ana m at·ª• anya ka Na·ªãj·ªãr·ªãa wep·ª•takwuo ·ª•d·ªã a... Aro m na-atunyere nd·ªã Na·ªãj·ªãr·ªãa b·ª• ha kwado ihe nkiri a. Nke a ga-agba ha ume imep·ª•takwu ·ªçz·ªç ka mma maka any·ªã.	positive
Ihe nkiri Kemi Adetiba b·ª• ‚ÄòKing of Boys‚Äô enweghi at·ª•. Malite na nh·ªçr·ªç agwa na ak·ª•k·ªç ya mara ezigbo mma. ·ª§t·ªç ya, nt·ªç ·ªçch·ªã ya akatagh·ªã ihe p·ª•r·ª• iso emereme nke ·ªçb·ª•la enweghi ihe a ga-eji t·ª•nyere ya.	positive
 Ozuzuoke.... Mmad·ª• biko nyere m aka ·ªãch·ªçp·ª•ta ebe ihe nkiri a si ri mperi n‚Äôihi na elerego m ya ugboro an·ªç ·ªçd·ªãgh·ªã nt·ª•p·ªç m h·ª•r·ª• n‚Äôime ya. Ihe ·ªçb·ª•la gbasara ya zuru nn·ªç·ªç oke. Ihe nkiri a b·ª• kpoo 	positive
Ihe nkiri a b·ª• ak·ª•k·ªç mere eme. ·ªå maka na-aga aga	positive
Ihe nkiri si Na·ªãj·ªãr·ªãa d·ªã mma nkiri‚Ä¶. Nke a b·ª• ihe nkiri si Na·ªãj·ªãr·ªãa d·ªã mma nkiri nke egwu niile ag·ª•r·ª• na ya d·ªã mma. Mana ah·ª•gh·ªã n‚Äôanya etu o si b·ª•r·ª• naan·ªã agba nke mb·ª• ya d·ªã na Neflix. O were m iwe. Enweghikwa agba nke ab·ª•·ªç ya m h·ª•r·ª•.	positive
·ªå b·ª•r·ª• na ihe nkiri a b·ª• nri, aga m as·ªã na ·ªç d·ªã mma oriri. Ak·ª•k·ªç ihe nkiri a, etu esi k·ªç·ªç ya p·ª•r·ª• iche, nakwa nka ya. Obinkonelu ya d·ªã ukwuu, mmet·ª•taobi ya enweghi at·ª•. Citation b·ª• ihe nkiri kwes·ªãr·ªã nkiri. Gaa h·ª• ya na NETFLIX.	positive
Ihe nkiri d·ªã mma‚Ä¶.·ªå b·ª• ihe nkiri d·ªã egwu. Akuk·ªç d·ªã mfe maka umunwoke ab·ª•·ªç (any·ªã amagh·ªã aha ha). Emechaa ha ezute onwe ha mgbe ha tokoro okorobia ofuma... Jisienu ike! ·ªå b·ª•r·ª• iche n‚Äôihe niile m h·ª•goro.	positive
Ah·ª•r·ª• m ya n‚Äôanya‚Ä¶ ak·ª•k·ªç mara mma....ah·ª•r·ª• nd·ªã Na·ªãj·ªãr·ªãa n‚Äôanya. Ak·ª•k·ªç d·ªã mma. Jisie ike	positive
·ªåmal·ªãcha, ·ªçmal·ªãcha, ihe mwute kwes·ªãr·ªãn·ª•.	positive
My Village b·ª• ihe nkiri emep·ª•tara nke ·ªçma, mmep·ª•ta ya p·ª•r·ª• iche m h·ª•r·ª• n‚Äôanya kar·ªãachaa b·ª• ebe mmiri na-ezo. Nd·ªã n·ªç na teknuzu ya mere nke ·ªçma	positive
Keak·ª•k·ªç, na-at·ªç ·ª•t·ªç, na-akuzi ihe ma d·ªã mma	positive
Nke a b·ª• ihe nkiri si Na·ªãj·ªãr·ªãa m kacha h·ª• n‚Äôanya. Ihe nkiri mb·ª• mara mma	positive
·ªå t·ªçr·ªç m ·ª•t·ªç etu ·ª•m·ª•nne nwaany·ªã ab·ª•·ªç a si nwee ihe jik·ªçr·ªç ha nke ·ªçma mana ihe kewara ha b·ª• ·ªãh·ª•nanya na etu ha si legara ·ªçch·ªãch·ªã anya. Nd·ªã agwa n·ªç na ya r·ª•r·ª• ·ªçr·ª• ha nke ·ªçma.	positive
Ihe nkiri na-akuzi ihe eji nka mee... ·ªå b·ª• ihe nkiri amara mee na ntuziaka site n‚Äôikuzi ihe na kwa ·ªãd·ªçr·ªç mmas·ªã nwere mmet·ª•ta ime ah·ª•. ·ªå na-egosip·ª•ta agb·ª•r·ª• na omenala otu na Ingland, nke a siri ike ikweta. I makwu na ·ªç b·ª• ak·ª•k·ªç mere eme mekwuru ka o si ike nkweta. O nwere ike ·ªç b·ª•r·ª• na ha tinyere obere ar·ªçmar·ªç na ya mana nke a meghi ka ·ªç ghara ·ªãb·ª• akuk·ªç mere eme‚Ä¶..Enwere ·ªçt·ª•t·ª• ebe na ya b·ª• ihe nkiri m j·ª•r·ª• g·ªãn·ªã mere? G·ªãn·ªã ga-eme ·ªã ga-eji mee ya! Mbaa!..... ·ªå b·ª•gh·ªã maka nd·ªã ume na-ekorap·ª•. O ji uche mmad·ª• egwu egwu, ihe nkiri ga-eme g·ªã ka ·ªã j·ª•·ªç ·ªçt·ª•t·ª• aj·ª•j·ª•...·ªç d·ªã ·ª•t·ªç na-akpal·ªã mm·ª•·ªç. ·ªår·ª• nka. Otu n'ime nd·ªã kacha elu m h·ª•goro. ·ªå kwes·ªãr·ªã ka elele ya.	positive
·ªå b·ª• ihe nkiri d·ªã mma maka ·ªãh·ª•nanya, okwukwe, ezina·ª•l·ªç na ·ªçnw·ª•wa d·ªã n‚Äô·ª•wa‚Ä¶ ·ªçt·ªç t·ª•r·ª• ·ª•t·ªç, mana ·ªç d·ªã m mma. Ah·ª•r·ª• m Mawuli Gavor n‚Äôanya. Aga m ele ihe nkiri a ·ªçz·ªç maka ya.	positive
Ak·ª•k·ªç mara mma maka nd·ªã Benin‚Ä¶ Ihe nkiri a na-akuzi ihe na-ad·ªçr·ªç mmas·ªã ilere. ·ªå kana atu m anya na emep·ª•tara ihe nkiri a na 2014. Emereme ya na ntuziaka ya amaka...Daal·ª• nd·ªã niile mep·ª•tara ihe nkiri a.	positive
Echiche d·ªã ukwuu‚Ä¶.Ak·ª•k·ªç nka na nd·ªã na-eme ihe nkiri nwere nka. Ihe ncheta d·ªã na ya d·ªã ·ªçt·ª•t·ª• mana o ka d·ªçr·ªç mmas·ªã na ngosip·ª•ta ya	positive
·ªç maka‚Ä¶ ·ªå d·ªã ezigbo mma, ihe nkiri a d·ªã mma, t·ªç·ªç ·ª•t·ªç ma nyekwa af·ªç ojuju site na mbido. O nweghi nt·ª•p·ªç ·ªçb·ª•la, mmalite d·ªãka ihe e ji ·ª•z·ªç agh·ª•gh·ªç mee, mana ·ªç b·ª• otu o si eme nke ya. Ihe nkiri a d·ªã mfe b·ªãa nwee ezigbo ngh·ªçta b·ª•r·ª•kwa eji amat·ª•. ·ªç dabara adaba	positive
As·ªã m·ª• kwube, ·ª•gb·ª•a, KOB b·ª• ihe nkiri nke mb·ª• na Nollywood. Ak·ª•k·ªç ya p·ª•r·ª• iche ma kwuru chim. O kpughere ihe na-eme na nd·ªçr·ªçnd·ªçr·ªç ·ªçch·ªãch·ªã n‚Äôezie.	positive
Ihe nkiri a d·ªã nn·ªç·ªç ezigbo mma. O kwesiri ka onye ·ªçb·ª•la kiri ya.	positive
Ah·ª•r·ª• m ihe nkiri a n‚Äôanya. O ga-amas·ªã m ilere ya ·ªçt·ª•t·ª• af·ªç na-ab·ªãa na mkpar·ªãta·ª•ka ·ªç na-ebuta. Emereme ya d·ªã n·ªç·ªç ka ekerechi na-enweghi imebiga oke ma d·ªãka ihe mere eme. Na nchikota, ihe nkiri a na-ad·ªç mmas·ªã mee m ekuli ekuli.	positive
Ah·ª•r·ª• m ihe nkiri a n‚Äôanya	positive
·ªåMAL·ªäCHA IHE NKIRI NA URU OLE NA OLE	positive
·ªåmal·ªãcha ak·ª•k·ªç na-egosip·ª•ta omenala Naijiria. Ak·ª•k·ªç ya p·ª•r·ª• n·ªç·ªç ezigbo iche na-enweghi ike ·ªãma ihe ga-eme, ·ªç d·ªãgh·ªã ka ·ªçt·ª•t·ª• ihe nkiri Naijiria. ·ªäghagh·ªã ikiri ya	positive
Aghagh·ªã ikiri ya, ak·ª•k·ªç t·ªçr·ªç ezigbo ·ª•t·ªç nakwa ngosi mara mma, ezigbo mmek·ªçr·ªãta d·ªã n‚Äôetiti omee nd·ªã Hollywood na Nollywood. ·ªå t·ªçr·ªç m ezigbo ·ª•t·ªç.	positive
POV ·ªçh·ª•r·ª•. ·ªå b·ª•gh·ªã ·ª•d·ªã s·ªãn·ªãma/ihe nkiri nke any·ªã mabu maka nd·ªã ·ªçcha, kama mmeputa ya ar·ª•t·ª•gh·ªã s·ªç·ªçs·ªç mmebe akuko, kama o r·ª•t·ª•kwara njirimara d·ªã icheiche na omenala mpaghara ebe o mere.	positive
‚ÄúCitation‚Äù kachas·ªã mma n‚Äôoge ·ªç gbadoro ukwu n‚Äô·ª•z·ªç na-edochaghi anya nke dakwasiri isiagwa ya mgbe ·ªç na-eme mkpesa, na amabegh·ªã ma usoro ehibere o ga-adabara ya ruo n‚Äôisi njedebe, emereme na-amap·ª• obi.	positive
N‚Äôihe nkiri nke d·ªãka a ga-as·ªã na nkebi nkiri ya kwesiri ·ªãd·ªã nkenke, any·ªã na-ah·ª•ta mmek·ªçr·ªãta na-etoruo ezina·ª•l·ªç, gafee/kar·ªãa af·ªç iri ab·ª•·ªç na Naijiria.	positive
N‚Äôikpeaz·ª•, nke a dabara adaba‚Ä¶.Nd·ª•ba siri ike sitere n‚Äô·ª•l·ªç·ªçr·ª• Ayo Makun nke e webatara ezigbo ihe ochi na ihunanya. O kwesiri ka Naijiria niile kirie ya.	positive
Ihe nkiri Na·ªãj·ªãr·ªãa kachas·ªã m kirigoro.. Ihe nkiri a amaka! Ekereeuche d·ªã ·ªãt·ª•nanya nke enweghi ike ·ªãmata ihe ga-eme n‚Äôizizi. Mmas·ªã m b·ª• etu ak·ª•k·ªç ya si buru ihe na-eme ugbua ma metuta ihe a na-ah·ª• na Naijiria oge ugbua. Emereme ya d·ªã n·ªç·ªç egwu. Sola Sobowale b·ª• n·ªç·ªç odogwu.	positive
·ªår·ª• nke a b·ª• oka ibe: ·ªç d·ªã ·ªçh·ª•r·ª•, na-ebiju isi ma juputa n‚Äôebere.	positive
Ezigbo nhazi.. ·ªå t·ª•r·ª• mu n·ªç·ªç n‚Äôanya etu e si hazie ya. ·ªå na-eto akp·ªãr·ªã ma na-at·ªç ·ª•t·ªç.	positive
Ahuru m ihe nkiri a n‚Äôanya‚Ä¶. Ihe nkiri a d·ªã ezigbo mma nakwa ·ªç d·ªã m na ·ªç ga na-aga n‚Äôihu na biko kedu oge a ga-ewep·ª•ta agba nke at·ªç na nke an·ªç.	positive
Nke a b·ª• ihe na-eme onye b·ª• nwa nke mb·ª• d·ªã efulefu n‚Äôezina·ª•l·ªç nd·ªã ·ªçgaranya n‚ÄôAfr·ªãka. Ihe nkiri a gosiri nsogbu ·ªãb·ª• nwaany·ªã n‚Äôebe nwoke na-ach·ªã na-akpakwa ike n‚Äôagbata Afr·ªãka.	positive
Ak·ª•k·ªç d·ªã ebube.‚Ä¶Ihe nkiri a nwere ·ªçt·ª•t·ª• ihe mm·ª•ta. Zainab Balogun gosip·ª•tara agwa e nyere ya nke ·ªçma. ·ªå b·ª•r·ª• na ·ªä gahiere ·ª•z·ªç, ihe nkir·ªã a b·ª• naan·ªã ihe ga-enyere g·ªã-aka imezighari ·ª•z·ªç g·ªã ka ·ªç gbaso ·ª•z·ªç Chukwu.	positive
Ihe nkiri ji nway·ªç akpal·ªã mm·ª•·ªç...	positive
N‚Äôezie, ·ª•da ya d·ªã n·ªç·ªç mma, ak·ª•k·ª• igwefoto na usoro mmep·ª•ta ya p·ª•r·ª• iche ma d·ªã ezigbo uto. E mep·ª•tara ihe nkiri ebe a luru ·ªçg·ªç nke ·ªçma.	positive
O teela aka m lere ·ª•d·ªã ihe nkiri kachas·ªã ya mma na Na·ªãj·ªãr·ªãa. Ihe nkiri d·ªã ·ªãt·ª•nanya nke nwetachara omenala Na·ªãj·ªãr·ªãa ma ulooro na-ahu maka imeputa ihe nkiri.	positive
Ak·ª•k·ªç na-ebute akpata oyi ma na-ad·ªç mmas·ªã‚Ä¶ Ak·ª•k·ªç a nyere ezigbo mmekpaah·ª•. Ebere m mere Enitan, ap·ª•gh·ªã m iche ihe ·ªç gabigara n‚Äôoge ·ªç d·ªã na nwata. Mgbanwe ya d·ªã ·ªãr·ªãba ama/t·ª•r·ª• n‚Äôanya. N‚Äôikpeaz·ª• o kughere onye Enitan b·ª•, kama o wuru m akpata oyi site na mkpughe a. O weteere ihe nkiri a n‚Äô·ªçn·ªçd·ª• mmetuta obi kachasi elu.	positive
Ihe nkiri na-enweghi at·ª•, ngosi d·ªã egwu na usoro ak·ª•k·ªç d·ªã mma.	positive
Romper Stomper nwere nh·ªãk·ªçs·ªã ·ªçn·ªçd·ª• ma b·ª•r·ª•kwa ihe emereme e ji nka mep·ª•ta. Ihe nkiri gbasara ·ªãkpaoke agb·ª•r·ª• nke nd·ªã ntorob·ªãa kacha mma emep·ª•tara n‚Äôaf·ªç. ·ªå b·ª•r·ª• na ·ªã h·ª•r·ª• ihe nkiri d·ªãka Romper Stomper, This is England, A Clockwork Orange‚Ä¶ ·ªç b·ª•r·ª• na ·ªãh·ª•r·ª• ihe nkiri amara mee ·ªã p·ª•r·ª• ·ªã h·ª• nke a n‚Äôanya. ‚Ä¶ Ihe nkiri a k·ªçr·ªç maka onwe mab·ª•r·ª•kwa ihe mmep·ª•ta izizi nd·ªã agwa n·ªç na ya. Ah·ª•r·ª• m ya n‚Äôanya. ·ªå b·ª• ihe nwute na nd·ªã mmad·ª• na-ak·ªçt·ªç ihe nkiri a eji nka mee n‚Äôihi ihe ha chere n‚Äôobi ha sitere n‚Äôaka nd·ªã amagh·ªã emep·ª•ta ihe nkiri. Ya t·ªç·ªç unu ·ª•t·ªç	positive
Nke a d·ªã ezigbo mma maka ·ª•m·ª•nwaany·ªã (nakwa ·ª•m·ª•nwoke).. N‚Äô·ª•wa, a na-akwanye ·ª•m·ª•nwaanyi·ªã ka ha maa mma karia etu ha d·ªã, ka ha konye aka ha ebe o rughi, ihe ngosi a r·ª•r·ª• ·ªçr·ª• mab·ª•r·ª•kwa nnukwu ngwa·ªçr·ª• iji kuzi maka ag·ª•makw·ª•kw·ªç banyere ego ka ha mata etu ha ga-esi jiri ·ªçg·ª•g·ª•isi ha hazie ego ha nakwa uru ·ªçbara ijide akp·ªãr·ªã ha aka na ngongo. Oo, ·ªç t·ªçkwara ·ª•t·ªç! Emereme nke d·ªã egwu... Amagh·ªã m ihe mere mmep·ª•ta egwu ya, ·ªç d·ªãka ka ·ªç b·ª• naan·ªã otu egwu ka etiri n‚Äôemume/agba nke ·ªçb·ª•la.	positive
Iji ilu ruo, imu onu, na iji okwu gwurie egwu, o nyere ·ªçt·ª•t·ª• ihe agaghi echefu echefu nke a ga-akpu n‚Äôonu ogologo oge. Anyi ga-ekwughari ogbara di n‚Äôime ya ma cheta obi ·ª•t·ªç anyi nwetara ilere ihe nkiri a gasi.	positive
·ªå d·ªã mma n'agbanyeghi na b·ª• nke mb·ª•‚Ä¶ Nhazi/usoro ak·ª•k·ªç gara were were na-egosighi ihe ·ªçh·ª•r·ª• ·ªçb·ª•la, karia ·ªãb·ª• ihe nkiri mb·ª• Naijiria mere maka Ekeresimesi. Nd·ªã omee nkiri h·ªçr·ªç amaka.	positive
Ihe nkiri mara mma nke nwere ezigbo ihe mm·ª•ta!...Ihe nkiri a b·ª• maka ejije nt·ªç·ªçchi kentozu/ejije banyere nwatakiri nwoke ch·ªçr·ªç iji aka ya dozigas·ªã ihe kar·ªãa ·ªãn·ªç n‚Äôochichi. Ile ya anya n‚Äô·ª•d·ªã sara mbara, aga m as·ªã na nke a b·ª• iji gosi etu e si eme ihe na mba Afrika, na etu ·ª•m·ª•azi si am·ª•ta etu esi e nwee obi umeala.	positive
Citation na-enye any·ªã nn·ªçchite anya ezi uche banyere ihe nd·ªã na-emekari n‚Äô·ª•wa na nd·ª• nd·ªã ntorob·ªãa, ·ªçkachas·ªã ·ª•m·ª•akw·ª•kw·ªç, karichaa n‚Äôebe ·ª•m·ª•nwaany·ªã n·ªç.	positive
·ªå na-agbaka isi, maa mma, d·ªã j·ª•·ª•‚Ä¶omee nkiri nwaany·ªã nke kachas·ªã amas·ªã m na Naijiria Adesua Etomi-Wellington butere m n‚Äôusoro nke onyonyoo ma nyee m nn·ªç·ªç ihe m ch·ªçr·ªç, ·ªç b·ª• ezigbo ihe itunanya ihu emereme d·ªã mma, ·ªç b·ª• edemede d·ªã n·ªç·ªç mma tinyere ·ªçh·ª•h·ª• a huru ya, isiagwa niile nwere umi ha nke na-egbochighi omee ihe nkiri nkiti nd·ªã ·ªçz·ªç , agba nke ·ªçb·ª•la nwere ike ikwuru onwe ya tinyere nh·ªãk·ªçs·ªã n‚Äôusoro ak·ª•k·ªç na , e nwee onye ·ªçb·ª•la na-ach·ªç ihe nkiri onyoonyoo nwere ·ªçt·ª•t·ª• agba ·ªç ga-elere, ·ªçp·ª•r·ª•iche Na·ªãj·ªãr·ªãa a ga-amas·ªãr·ªãr·ªã g·ªã.	positive
·ªå b·ª• ihe mwute, n‚Äôihi na nke a gaara ·ªãt·ªç ezigbo ·ª•t·ªç. Mana ka o sinad·ªã, nd·ªã meputatara ya ab·ª•gh·ªã nd·ªã ·ªçkachamara.	positive
Arapadoro m!!!....·ªå t·ªçr·ªç m ·ª•t·ªç. ·ªå d·ªã ezigbo mma na o si n‚Äô·ª•l·ªç·ªçr·ª• ihe nkiri Hollywood. O fughi m oge.	positive
·ªåp·ª•r·ª•iche!! E kpupuru m mmep·ª•ta Nollywood nke a okpu!!	positive
Ihe nkiri a t·ª•r·ª• n‚Äôanya‚Ä¶ ·ªåmalicha ak·ª•k·ªç, a k·ªçr·ªç nke ·ªçma ma gosip·ª•ta. Ihe niile site n‚Äôebe a n·ªç mee ya ruo etemeete, agwa, ekike, ma as·ª•s·ª• na ngosi omenala d·ªã nn·ªç·ªç ezigbo mma. Kunle Afolayan daal·ª•.	positive
Akwadosiri ya ike! ‚ÄòGold Statue‚Äô magburu onwe ya n‚Äôezigbo mma. Na-ekwe nkwa nnukwu ihe ·ªçch·ªã/ugwu ihe ·ªçch·ªã. Tinyere ugwu ah·ª•, mma ihe ngosi a b·ª• osimiri na oke emereme na-enweghi ntup·ªç. O nweghi ego ·ªçb·ª•la ·ªã ga-etinye na ya furu ·ªçh·ªãa.	positive
N‚Äôezie nke a b·ª• ihe nkiri Naijiria kachas·ªã mma m h·ª•t·ª•r·ª•la.	positive
·ªå d·ªã mma mana ·ªç f·ªçsiri‚Ä¶ Ak·ª•k·ªç gbasara igbu ·ªçch·ª• nke si Naijiria mas·ªãr·ªã m. Nhazi ak·ª•k·ªç ya juru eju ma nwekwa usoro ·ªçg·ª•g·ª• n‚Äôime ya mana ·ªç d·ªçchagh·ªã mmas·ªã m ruo n'isi.	positive
·ªå d·ªçr·ªç mmas·ªã‚Ä¶ Ihe nkiri a d·ªçr·ªç mmas·ªã m site na mbido ruo na njedebe ya. Emereme ya so na nke kacha mma na mba uwa.	positive
Ihe ·ªç p·ª•tara ·ªã b·ª• onye Na·ªãj·ªãr·ªãa.... Genevieve Nnaji ndeewo. Nke a b·ª• ihe nkiri nke onye ·ªçb·ª•la kwes·ªãr·ªã ·ªãh·ª•. Na·ªãja were aka, jisienu ike ·ªãd·ªãwanye mma.	positive
Naan·ªã otu nsogbu.	positive
LionHeart b·ª• ihe nkiri kara aka nke a gbaliri nke ·ªçma izip·ª•ta agha a na-ebuso ·ª•m·ª•nwaanyi n‚Äôebe ha na-ar·ª• ·ªçr·ª• na Na·ªãj·ªãr·ªãa. Enweghi ewetaeti na ya, ak·ª•k·ªç ya gara etu o kwes·ªãr·ªã. ·ªå d·ªã ezigbo mfe ikwu ihe ga-eme na ya, ntuziaka Genevive Nnaji nyere ya esigh·ªã ike. Mana n‚Äôaka nke ·ªçz·ªç, emereme ya d·ªã egwu o gbaliri nke ·ªçma kwalite agwa na ngwa ·ªçr·ª•. Ihe nkiri a adabachagh·ªã mana ·ªç mara mma. ·ªå kaara ·ªãnata akaraugo na Academy ma ·ªç b·ª•r·ª• na ha e jighi nzuzu kwachapu ya n‚Äôihi na emere ya n‚Äôas·ª•s·ª• Bekee.	positive
·ªå d·ªã egwu!!!...Nke a so na ihe nkiri kachas·ªã mma nke m kiriri! AH·ª§R·ª§ M YA N‚ÄôANYA!!!	positive
Nke a b·ª• ihe nkiri magburu onwe ya! Ezigbo ak·ª•k·ªç‚Ä¶ Obinkonelu ya ga-eme ka I na-ekiri ya na-aga, enyemaka nto ochi ya ga-egbu g·ªã n‚Äô·ªçch·ªã. ·ªå bakwara uru.	positive
Nsonaazu ya d·ªã mma mana mmeputa ·ªçz·ªç kar·ªã ka mma maka ezigbo ak·ªçmak·ªç. .. Aga m etoriri onye nduzi ya nakwa emereeme ya (Ramsey Nouah).	positive
O zuru ezu ka a ch·ªçr·ªç. O ziri ezi, e mere ejije ya nke ·ªçma. Onye ·ªçb·ª•la mere nke ·ªçma. O mere mmad·ª• inwe mpako ib·ª• onye Naijiria. üëèüëçüòò	positive
·ªå mara mma ·ªãh·ª• Sam Dede n‚Äôigwe onyoonyoo any·ªã ·ªçz·ªç, na ·ªãh·ª• na ·ªç ka b·ª• odogwu n‚Äôimep·ª•ta ihe nkiri. Ebe ·ªçb·ª•la Stella Damacus n·ªç ya, o doro gi anya na ·ªã ga-agba ezigbo anya mmiri na emetutaobi, o d·ªãka o nagh·ªã aka nka.	positive
Ihe e mere nke ·ªçma‚Ä¶Ihe nkiri a ga ekiri riri! Ikwu ·ªçt·ª•t·ª• okwu ad·ªãgh·ªã ya. E nweghi ihe ·ªçz·ªç m ga-ekwu gbasara ya. Okwu k·ªçro m n‚Äô·ªçn·ª•.	positive
·ªå na-akpal·ªã mm·ª•·ªç ka agwa d·ªã icheiche si nwee ohere na-ekwu maka nd·ªã ha h·ª•r·ª• n‚Äôanya, b·ªãa jide onwe ha aka ka iwe hap·ª• iwe ha n‚Äô·ªçn·ªçd·ª• mmet·ª•taobi ah·ª•gas·ªã.	positive
·ªå b·ª• ihe d·ªã mma ·ªãch·ªçp·ª•ta ka esi dee ab·ª• a b·ª• Amazing Grace	positive
Ihe nkiri a meturu m n‚Äôobi gbasara AMARA CHINEKE D·ªä EGWU! ·ªäGHAGH·ªä IKIRI YA!!!	positive
·ªåb·ª•gh·ªã naan·ªã na ak·ª•k·ªç ya ad·ªçgh·ªã mmas·ªã nd·ªã nkiri, nd·ªã mere ya b·ª• ihe nkiri emetagh·ªã ya,onweghi ihe nkweta na ya.	negative
Ihe nkiri a tere aka, na-at·ª• ·ª•ra. Egwu na-ada n‚Äôaz·ª• ihe emereme a enweghi isi. Enweghi ihe ap·ª•r·ª• ime ·ªãz·ªçp·ª•ta ihe nkiri a.	negative
·ªåmal·ªãcha ·ª•z·ªç ·ªã ga-esi mebi ·ª•b·ªçch·ªã g·ªã	negative
O mighi emi	negative
Isiokwu d·ªãgas·ªã na Swallow ga-eme mmad·ª• kwa akwa - ·ª•b·ªãam, nwakpo mmek·ªçah·ª•, ib·ª• ·ªçgw·ª• ·ªçj·ªç·ªç, usoro nr·ª•r·ª•aka ‚Äì mana egosip·ª•tagh·ªã agwa n·ªç na ya nke ·ªçma. 	negative
·ªå b·ª• ezie na isi emereme ya d·ªçr·ªç mmas·ªã, Farming b·ª• ihe nkiri sibigara ike oke nke a weturu ka ak·ª•k·ªç ya kwes·ªãr·ªã d·ªã.	negative
Ak·ª•k·ªç ya na ihe omimi d·ªã na ya enweghi isi	negative
Enweghi otu onye n‚Äôime any·ªã akpar·ªãgh·ªã ihe nkiri a mgbe any·ªã na-ap·ª•. Ma nd·ªã na-ar·ª• na s·ªãn·ªãma akw·ª•gh·ªã ·ª•gw·ªç ilere ya na-ama s·ªç ·ªçs·ªã. ·ªåj·ªçka	negative
O siri ike. O meghi ka ah·ª• ruo nd·ªã na-ekiri ya ala. Farming b·ª• ihe nkiri na-echetara any·ªã ·ª•gw·ªç so mmad·ª• ·ªãkp·ªç onwe ya as·ªã	negative
·ª§z·ªç j·ªçgburu onwe ya ibido af·ªç, ‚ÄòAkpe‚Äô abagh·ªã uru.	negative
Inwereike ·ªã agagh·ªã akp·ªç onwe g·ªã as·ªã ma ilerechaa ‚ÄòSuperStar‚Äô mana ·ªã ga-ahap·ª• ebe ah·ª• ghara inwe mmet·ª•ta ·ªçb·ª•la.	negative
·ªå gagh·ªã ad·ªãr·ªã nd·ªã mere ihe nkiri a na nd·ªã or·ª• mep·ª•tara ya ma m hap·ª• nke a. ·ªå gagh·ªã ad·ªã mma chacha	negative
Knock Out Blessing‚Äô b·ª• ihe nkiri na-eto naan·ªã nd·ªã mep·ª•tara ya kar·ªãa ime ka ·ªçt·ªç nd·ªã nkiri Na·ªãj·ªãr·ªãa ·ª•t·ªç.	negative
Ihe nkiri Akinnuoye-Agbaje ak·ªçwap·ª•tagh·ªã nke ·ªçma onye Eni b·ª•.	negative
Eji nkeji iri ise gbasaa ozi maka ebe ezumike d·ªã na Leg·ªç·ªçs·ªã. Ego alaa n‚Äôihi. Akwadoghi m ya	negative
Ihe ihere n‚Äôezie. ‚ÄòThe Island‚Äô b·ª• itufu ezigbo nka	negative
M s·ªã g·ªã na ihe nkiri a amaka, as·ªã ka m na-at·ª•r·ª• g·ªã	negative
·ªå b·ªãara az·ª• oge. Isi nsogbu ‚ÄòFunke‚Äô b·ª• na ·ªç na-agw·ª• ike. ·ªå t·ªçgh·ªã ·ª•t·ªç	negative
Akwadoghi m ya! ·ªå kp·ªçr·ªç nk·ª• na-agw·ª• ike,	negative
Ihe a b·ª• ihe nkiri ekwes·ªãgh·ªã ·ªãba s·ªãn·ªãma	negative
Mmep·ª•ta ya amaka. Ngosip·ª•ta ya d·ªã mma. Emereme ya aj·ªçgh·ªã oke nj·ªç. Nsogbu ya b·ª• etinyeghi ike na ak·ª•k·ªç ya. ·ªåm·ª•maat·ª• ga-enye aka:	negative
·ªåt·ª•t·ª• iwu nwa af·ªç isi n·ªç n‚Äôihe nkiri a dara ap·ª•gh·ªã ·ªãg·ª•ta ·ªçn·ª•	negative
E mere ya maka nd·ªã n·ªç af·ªç iri na an·ªç. . Emereme ya d·ªãka ak·ª•k·ªç Disney. O nweghi isi	negative
Enwere ·ª•f·ªçd·ª• mmet·ª•ta na-at·ªç ·ªçch·ªã na ya na oge ad·ªãmike, mana ·ªç sara mbara. Ihe mmep·ª•ta ya d·ªãka ihe nkiri onyonyo ehihe.	negative
Agbataetiti‚Ä¶Usoro ak·ª•k·ªç ya etoghi ogologo nakwa e nwere ike ·ªãk·ªçta ihe ga-eme na ya.	negative
Ebe d·ªã mma n‚Äôihe nkiri a ad·ªãgh·ªã ·ªçt·ª•t·ª•. Ekwesigh·ªã ime ka akw·ªç nnukwu ·ª•gw·ªç ilere ya.	negative
emereme d·ªã n‚Äôetiti Joseph na nwunye ya d·ªã ire. N‚Äôuche nke m, ihe a ab·ª•gh·ªã ihe nkiri kama ·ªç b·ª• akuk·ªç ebuk·ªçr·ªç ·ªçn·ª• dee n‚Äôakw·ª•kw·ªç...	negative
Nd·ªã na-ekiri ya mara ·ªçs·ªã	negative
Onweghi onye kwes·ªãr·ªã ikiri ihe nkiri nzuzu a	negative
ihe na-at·ª• ·ª•r·ª•, ·ªç b·ª•chagh·ªã ak·ª•k·ªç, egwu ya na-at·ªç ·ªçch·ªã	negative
ADR j·ªçr·ªç nj·ªç, juputara na emereme ad·ªãgh·ªã mma ----Nr·ªç ·ªçj·ªç·ªç	negative
O mebighi otu mgbe. Onweghi ak·ª•k·ªç d·ªã na ya p·ª•r·ª• ime ka o too ogologo ka Bollywood	negative
·ªå d·ªã egwu ma d·ªãkwa ala. Na-agw·ª• ike ma juputa na ihe nzuzu!	negative
Ihe nkiri izizi nwere nt·ª•p·ªç mana o nwere olileanya	negative
Maka ihe nkiri a amaama #KOB enweghi m ike ikwu na ·ªç d·ªã mma m·ªç·ªçb·ª• na ·ªç ka nj·ªç kar·ªãa ihe nd·ªã a na-ah·ª• na Nollywood	negative
Made in Heaven' b·ª• ihe nkiri enweghi isi. O nweghi isi. ·ªå ga-akpasu g·ªã inwe nke b·ª• na ·ªãgagh·ªã ama mgbe iji ch·ªãwa ·ªçch·ªã. Ike ga-agw·ª• g·ªã ikiri ya. Otu ntab·ªã anya ·ªã ga-ah·ª• onwe g·ªã ka I na-enwe mmet·ª•ta ka a ga-as·ªã na ya b·ª• ihe nkiri iberibe na-at·ªç g·ªã ·ª•t·ªç. Ihe nkiri iberibe. O juputara na nzuzu!	negative
Ihe nkiri kp·ª•r·ª• akp·ª•, emereme d·ªã ukwuu nwere obere ihe nt·ªç ·ªçch·ªã mana ngw·ª•cha ya j·ªçgburu onwe ya na nj·ªç	negative
.Zere ·ªã s·ª• onwe g·ªã mma site n‚Äô·ªãkw·ª• ·ª•gw·ªç ihe nkiri a b·ª• ‚ÄòDagger‚Äô.... Akwadoghi m ya	negative
Nke a b·ª• ·ªçm·ª•maat·ª• ihe m kwuru, na itinye ihe nt·ªç ·ªçch·ªã n‚Äôak·ª•k·ªç any·ªã na-eme ka ak·ª•k·ªç any·ªã ghara ·ªãd·ªã etu ·ªç kwes·ªãr·ªã.	negative
·ªå b·ª•r·ª• na I lego Chief Daddy: Wee gaa kirie Going for Broke n'·ª•b·ªçch·ªã af·ªç ·ªçh·ª•r·ª• ewep·ª•tara ya na Neflix n‚Äôihi na ·ªã che na ·ªç ga-aka Chief Daddy mma, mara na o sighi g·ªã n‚Äôaka;	negative
Umengw·ª• na oke ·ªãn·ªç na nwute	negative
ihe na-at·ª• ·ª•r·ª•, ·ªç b·ª•chagh·ªã ak·ª•k·ªç, egwu ya na-at·ªç ·ªçch·ªã	negative
Ihe nkiri a ad·ªãgh·ªã ukwu, nd·ªã agwa n·ªç na ya mekar·ªãr·ªã ka ach·ªçr·ªç (o sitere n‚Äôaka onye nyere ntuziaka?) mana ak·ª•k·ªç ya amaka.	negative
Etinyere ·ªçt·ª•t·ª• ego n‚Äôihe nkiri a mana mmep·ª•ta ya erughi ogo d·ªã elu.	negative
Usoro ak·ª•k·ªç d·ªã mma. Mmep·ª•ta ya aj·ªçka.	negative
Akwadoghi m ya.	negative
Akuk·ªç d·ªã ukwuu, emume na-ad·ªãgh·ªã mma 	negative
Ihe nkiri ewep·ª•tagh·ªã nd·ªã okaibe n·ªç na ya. O mere ka ha d·ªãka ·ªç b·ª• ihe nkiri ·ª•m·ª•aka ka ha na-eme	negative
Akwadoghi m ya	negative
Ihe nk·ªãt·ªã! Ihe j·ªçr·ªç nj·ªç! Ihe ihere!	negative
Etu esi gosip·ª•ta ihe nkiri a ch·ªçr·ªç ime ka m h·ª• ya n‚Äôanya, mana  etu Genevieve Nnaji si dee ya adabachagh·ªã.	negative
Eziokwu, nke a b·ª• ihe nkiri na-at·ª• ·ª•jo ka nj·ªç emep·ª•tara...	negative
Ikwu maka emereme ya, akuk·ªç ya , o nweghi nke d·ªãka ya n‚Äô·ª•wa	negative
Etinyere ya d·ªãka ihe nkiri na-at·ª• ·ª•jo, ‚ÄòBridal Shower‚Äô ab·ª•gh·ªã ihe nkiri na-at·ª• ·ª•j·ªç. ·ªå b·ª• ihe nkiri enweghi isi!	negative
O nweghi uru ·ªç bara - Nke a b·ª• ihe ·ªãnap·ª• mmad·ª• ego	negative
Ihe nghar·ªãp·ª• d·ªã egwu	negative
·ªå na-agw·ª• ikeÃÄ	negative
·ªå na-ad·ªçr·ªç mmas·ªã mana otozughi oke	negative
Igwe eji mep·ª•ta ihe nkiri a mebiri ya, ‚ÄòThe Perfect Picture' etozughioke	negative
·ªå na-akp·ª•akp·ª• ma b·ª•r·ª• ihe ap·ª•r·ª• ·ªãkwawu ihe na-esote emereme nke ·ªçb·ª•la. . Ihe nkiri a n·ªç na ngalaba juni·ªç sek·ªçnd·ªãr·ªã	negative
mana ·ª•da d·ªã na ya b·ª• ihe nkiri j·ªçgburu onwe ya na nj·ªç nke mebiri ·ªãd·ªã mma ya	negative
Eleghi m ihe iberibe a. Otuzughi ·ªã na-ata akara nke ab·ª•·ªç, ·ªç b·ª• ihe ngosi gbasara ·ªãkpaoke agb·ª•r·ª• amagh·ªã mee.	negative
Ak·ª•k·ªç d·ªã mma emetagh·ªã	negative
Emereme ya d·ªã nj·ªç, ag·ª•ghar·ªãr·ªã egwu ya ugboro ugboro, ak·ª•k·ªç ya b·ª•‚Ä¶..(·ªç b·ª•r·ª• ihe nwereike iji t·ª•nyere ya akara m ide ya ebe a).	negative
Usoro ak·ª•k·ªç ya d·ªã mma, mana ak·ª•k·ª• tekn·ª•z·ª• ya ad·ªãgh·ªã mma ma ·ªçl·ªã.	negative
Akuk·ªç akpachagh·ªã anya dee ka ·ªçr·ªç ar·ªç	negative
Onweghi ihe d·ªã mma gbasara ‚ÄòThat Which Binds Us‚Äô. Onweghi ma ·ªçl·ªã.	negative
Mmep·ª•ta ihe nkiri a siri ike mana isi ihe eji mep·ª•ta ya na-efu	negative
·ªå b·ª• maka ak·ª•k·ªç gbasara Joseph na Suzy, ihe nkiri a r·ª•t·ª•r·ª• aka na ihe mere na Feb·ª•war·ªã 13, 1976, ·ªç bu maka ogbugbu, nke kpatara Olusegan Obasanjo ji banye n‚Äô·ªçch·ªãch·ªã.	negative
Ihe nzuzu! Nd·ªã amagh·ªã ihe ha na-eme. Biko, enyekwana ha na·ªãra g·ªã.	negative
ihe nkiri a b·ª• ihe nkiri nt·ªçch·ªã ·ªãh·ª•nanya na-ak·ª•da mmu·ªç any·ªã leregoro.	negative
Ihe nkiri etinyere ·ªçt·ª•t·ª• ego na ya mana emetagh·ªã ya.	negative
·ªå na-akp·ª• oke ·ªçkp·ª•kp·ª•. Ihe ntufu oge.	negative
Enweghi m ike ·ªãkweta na m lere ya awa ab·ª•·ªç	negative
eziokwu, ah·ª•gh·ªã m ihe nkiri a n‚Äôanya	negative
ONWEGHI USORO D·ªä NA YA B·ª§ AK·ª§K·ªå	negative
Mkpar·ªãta·ª•ka emep·ª•tagh·ªã nke ·ªçma, na ngosip·ª•ta agha  d·ªãka ihe ·ª•m·ª•aka.	negative
Site na ntuziaka amagh·ªã mee, banye na ak·ª•k·ªç amagh·ªã k·ªç, emereme edoghi anya, ak·ª•k·ªç edegh·ªã nke ·ªçma, banye na ndezi ihe nkiri d·ªã nj·ªç..	negative
Ihe nkiri a aj·ªçka.	negative
Ewep·ª• na ap·ª•r·ª• ·ªãka ihe so emereme n‚Äôihe nkiri a, o juputara n‚Äôihe abagh·ªã uru	negative
Akp·ªçr·ªç m aha e nyere ihe nkiri a as·ªã.	negative
Efunsetan Aniwura' b·ª• ihe nkiri umengw·ª• ak·ªçgh·ªã nke ·ªçma. ·ªå nagh·ªã ad·ªçr·ªç mmas·ªã.	negative
Iwe na-ewe m	negative
·ª§K·ªå AKW·ª§KW·ªå MMADO NKE ALA EMEREME IHE NKIRI NOLLYWOOD	negative
EZIOKWU, ONWEGHI ISI	negative
at·ª•r·ª•anya ·ªçt·ª•t·ª• ihe n‚ÄôIhe nkiri a mana mmep·ª•ta ya enweghi uru o bara. Iberibe!!	negative
Ha ji smash bro were dep·ª•ta aha nd·ªã agwa n·ªç na ihe nkiri a! Nke a ekwesigh·ªã...	negative
 Ihe nkiri kp·ª•r·ª• nn·ªç·ªç akp·ª• site na mmalite ya ruo na njedebe ya	negative
·ªå d·ªãka ihe nkiri p·ª•r·ª• ime ka a ch·ªãa oke ·ªçch·ªã mana ihe nkiri nt·ªç ch·ªã a mere ka ach·ªãt·ª• obere ·ªçch·ªã kar·ªãa oke ·ªçch·ªã a na-at·ª•anya ma a gaa na s·ªãn·ªãma	negative
Abigiail ad·ªãchagh·ªã mma, nwoke ·ªçj·ªç·ªç ah·ª• edochaghi anya, ha ch·ªçp·ª•takwara na ·ªçd·ªãgh·ªã mma ka nd·ªã ojii ·ªãgaghachi az·ª• n‚Äôoge	negative
Nwaany·ªã mere isiagwa b·ª• nn·ªç·ªç nnukwu ihe nghar·ªãp·ª• 	negative
Ngw·ª•cha ihe nkiri a b·ª• ebe t·ªçr·ªç m ·ª•t·ªç nn·ªç·ªç. Ka ·ªç turu ya.	negative
"Enyere ihe nkiri a ak·ª•k·ªç ·ªçz·ªç‚Ä¶ ·ªå b·ª• ihe ihere nye CNA. Ihere meekwaa ""ihe nkiri"" a."	negative
Ihe nkiri nkeji iri itoolu emereme ya na ndozi ·ª•da ya ad·ªãgh·ªã mma	negative
agh·ªçtagh·ªã m‚Ä¶Ihe a ·ªç b·ª• etu ezigbo ihe nkiri si d·ªã n‚ÄôAfr·ªãka n‚Äôaf·ªç 2012?...·ªåb·ª•r·ª• etu ah·ª•‚Ä¶·ªç maka! ·ªå kago mma n‚Äôaf·ªç 2021?.	negative
.Knock Out Blessing' b·ª• ihe nkiri abagh·ªã uru ekwes·ªãgh·ªã mmep·ª•ta m·ªç·ªçb·ª• mee ka ·ªçha mara maka ya. Ihe nzuzu!	negative
N'uche m, O toro ezigbo aka 	negative
maka nd·ªã ka na-ebido ime ihe nkiri anatagh·ªã Akinropo ntuziaka. ·ª§da okwu ha aj·ªçka, o nwere ike buru maka boom mics ad·ªãgh·ªã.	negative
Suga Suga b·ª• ihe nkiri na-ad·ªçr·ªç mmas·ªã ma n‚Äôikpeaz·ª• o biri na nrida emereme nke ndokorita ya esighi ike	negative
Ihe mgbawa obi, Enitan si na n‚Äô·ªãb·ª• onye na-ach·ªç mkp·ª•r·ª• obi ya site ·ªãb·ª• ·ªçkamm·ª•ta b·ª•ruzie omenka n'ikpeaz·ª•.	negative
Ihe nkiri mb·ª• m si Na·ªãj·ªãr·ªãa‚Ä¶. Kamgbe ·ªçt·ª•t·ª• af·ªç, ah·ª•go m ederede d·ªã icheiche gbasara etu Na·ªãj·ªãr·ªãa siri b·ª• ·ªçkaibe na mmeputa ihe nkiri ha. Ya b·ª• ak·ª•k·ªç mas·ªãr·ªã m. Mana ah·ª•gh·ªã m ihe nkiri si Na·ªãj·ªãr·ªãa m ga-ekiri ruo mgbe m zutere nke a na Netflix. Ikwu eziokwu, ana m at·ª• anya ihe amara mee, emekwara nke a ·ªçf·ª•ma. Ihe ngosip·ª•ta ya gosiri na nd·ªã mep·ª•tara ya tinyere mm·ª•·ªç ha na ya mana enwere ebe o rigas·ªãr·ªã mperi. Ihe ngosi ya amagh·ªã mma. ·ª§f·ªçd·ª• nd·ªã agwa mere ka ·ª•m·ª•aka na ngosip·ª•ta agwa ha. Akara m ·ªãgbaghara ihe nkiri a mana nkeji ya toro aka ( nkeji nari iri ab·ª•·ªç na otu) ma na-akp·ª•kwa akp·ª•. Ihe a b·ª• ak·ª•k·ªç e kwes·ªãr·ªã ibi nkenke mgbe a na-ede ya ma·ªçb·ª• mgbe a na-ebuk·ªç emereme ya ·ªçn·ª•. Emereme ya na ngw·ª•cha ad·ªçgh·ªã mmas·ªã (n‚Äôagbanyeghi etu m si nwaa ike m ·ªãkata ihe ga-eme na ya). ·ªän·ªç ala na-ele ihe nkiri toro ogologo na-akp·ª• akp·ª• b·ª• itufu oge. Mana ·ªç b·ª•r·ª• na ·ªãn·ª•go maka s·ªãn·ªãma Na·ªãj·ªãr·ªãa ma nwee mmas·ªã ·ªãh·ª• otu, agwago m g·ªã nke I nwereike ile.	negative
Ihe nd·ªã mere ka ihe nkiri a ghara ·ªãd·ªã mma g·ª•nyere egbe ·ª•m·ª•aka ha ji, akwa ha yi b·ª• nke ad·ªãgboroja, ngosip·ª•ta ihe nkiri ejighi nka mee, mmemme t·ªçr·ªç aka ekwes·ªãgh·ªã egosip·ª•tara nakwa ihe ·ªãt·ª•nanya egosip·ª•tara ejighi amamihe mee.	negative
Ihe nkiri a na-akp·ª• akp·ª• na ngosip·ª•ta mmet·ª•taobi gbara elu na ya.	negative
Ihe nkiri a ad·ªãgh·ªã ukwu, nd·ªã agwa n·ªç na ya mekar·ªãr·ªã ka ach·ªçr·ªç (o sitere n‚Äôaka onye nyere ntuziaka?) Mana ak·ª•k·ªç ya amaka.	negative
Once Upon A Night' b·ª• ak·ª•k·ªç abagh·ªã uru	negative
D·ªãka ·ªç d·ªã, ·ªãp·ª•gh·ªã ·ªãgh·ªçta ihe maka agwa n‚Äôihi na ekpok·ªçtara ·ªçt·ª•t·ª• ihe na ya ka ·ªç dabaa.	negative
Ihe nkiri na-agw·ª• ike n'ad·ªãgh·ªã mma ·ªã d·ªã na s·ªãn·ªãma	negative
·ªçj·ªçka	negative
Any·ªã kp·ªçr·ªç ya ihe nt·ªçr·ªã- Ejidere nkije iri ise, a manyere any·ªã ije obere njem nleghar·ªã anya nke ogige nt·ª•r·ª•nd·ª•. Akwadoghi m ya.	negative
·ªåd·ª•m a anagh·ªã ad·ª•kp·ªç. Onwere onye zigara nd·ªã Na·ªãj·ªãr·ªãa akw·ª•kw·ªç ak·ª•k·ªç Neflix j·ª•r·ª•aj·ª• ka a ga-as·ªã na akwa Super Bowl na-adanap·ª• ya n‚Äôaka?	negative
Akuk·ªç ak·ªçr·ªç n‚Äô·ª•d·ªã mmanye na ngosip·ª•ta agwa na-eme ihere - Onwere ike ·ªãd·ªã ka ihe egwu, nke a b·ª• ihe nkiri ad·ªãgboroja ·πÖomiri ‚ÄòIsoken'.	negative
Ihe nkiri enweghi isi. . Ihe iberibe ka ihe nkiri a b·ª•	negative
·ªå ·ªçj·ªçgburu onwe ya na nj·ªç. ·ªå b·ª• ihe nkiri ka nj·ªç m lere na nd·ª• m!	negative
Nsote emereme ya ad·ªãchagh·ªã njo. Ebumnuche ya d·ªã ka o b·ª• izugbe mana ·ªç b·ª• ihe mwute ·ªãh·ª• ebe ·ª•f·ªçd·ª•.	negative
N‚Äôagbanyeghi na etu esi gosip·ª•ta ihe nkiri a mara mma. Ekwela ka ·ªç gh·ªçr·ªãa g·ªã. ·ªå b·ª• oke ihe ·ªçj·ªç·ªç.	negative
Onweghi isi, onweghi ·ªçd·ª•,ak·ª•k·ªç amagh·ªã dee, ezigbo ihe mkpofu oge na ihe iberibe d·ªã oke ·ªçn·ª• ah·ªãa. Ihe nkiri a b·ª• ihe a f·ª•r·ª• ·ª•f·ª• nkiri. Akwadoghi m ya	negative
ogo ihe nkiri a k·ªçr·ªç ·ª•k·ªç	negative
·ªåch·ªã na-at·ªç m	negative
Mkpebi m: Akwadoghi m ya. ‚ÄòCharmed‚Äô anagh·ªã ad·ªçr·ªç mmas·ªã.	negative
Ihe nghar·ªãp·ª•‚Ä¶. ·ª§f·ªçd·ª• ezi ngosip·ª•ta nke isiagwa ab·ª•·ªç (King na Am·ªãna) mana agwa nkwado b·ª• (Maladi) amagh·ªã m na agwa ya ·ªç b·ª• ihe egwueregwu mana ·ªç kwes·ªãr·ªã ·ªã b·ª• agwa na-egosip·ª•ta ihe d·ªã mkpa ·ªçb·ª•gh·ªã ihe ·ªçch·ªã	negative
Ihe nzuzu! Akwadoghi m ka onye ·ªçb·ª•la lere ya. Ma ·ª•m·ª•aka ekwesighi ilere ya. Ihe nkiri na-as·ªç oyi.	negative
N'ezie, ihe nkiri ka nj·ªç m h·ª•goro	negative
Ihe nkiri emeghar·ªãr·ªã j·ªçr·ªç nj·ªç. . Enyetaghi ntuziaka nke ·ªçma na mbido mgbe Ahanna chetara maka nwoke am·ª•nyere ·ªçk·ª•.	negative
Ihe nzuzu‚Ä¶.Ihe ntufu si NETFLIX. Oo ha!!	negative
O nwere ·ªçt·ª•t·ª• nt·ª•p·ªç	negative
Agafere m ihe nkiri a. eleghi m ihe niile d·ªã na ya	negative
·ªã ga-ata onwe g·ªã ·ª•ta ihe mere iji tufuo oge g·ªã ilere ihe nkiri a. 	negative
·ªåj·ªçka	negative
Onweghi ak·ª•k·ªç d·ªã ukwu d·ªã na ya.	negative
The Millions' enweghi ihere izuru ak·ª•k·ªç 'Ocean's film series'; any·ªã anabatagh·ªã ya.	negative
Gbarada' b·ª• ezi ngosip·ª•ta Idumota ‚Äúihe nkiri Yoruba‚Äú nakwa ihe iberibe niile so ak·ª•k·ªç Nollywood.	negative
Ked·ª• ihe Genevieve che na o mere? Ihe nkiri ? Nke a aj·ªçka. Nd·ªã dere ak·ª•k·ªç ya b·ª• adigboroja	negative
ihe nkiri ka nj·ªç emep·ª•tara	negative
·ªåj·ªçka	negative
Special Jollof' b·ª• ihe nkiri t·ªçr·ªç ·ª•t·ªç ka an·ª• tolotolo juru oyi nke si n‚Äôaka nd·ªã Nollywood bi mba ofesi. D·ªãka ·ªç d·ªãbu; ·ªç b·ª• ak·ª•k·ªç enweghi isi na emereme amagh·ªã mee. O nweghi ihe a na-at·ª• anya ebe. ·ªå bu nn·ªç·ªç mkpofu ego na oge	negative
Ap·ª•r·ª• m iti aka n‚Äôobi kwuo na ikwuheri Luna ka mma kar·ªãa Chief Daddy 2	negative
agh·ªçtagh·ªã m ugb·ªçelu ole dara na Na·ªãj·ªãr·ªãa, ihe nkiri a wee p·ª•ta ·ª•b·ªçchi ise	negative
Ihe nkiri a kara ·ªãka mma ma ·ªç b·ª•r·ª• na eji ego kwado ya,	negative
Ihe nkiri a enweghi ezi ntuziaka, naan·ªã ikwu na ibe nd·ªã mere ya b·ª• ihe nkiri p·ª•r·ª• ·ªãh·ª• ya n‚Äôanya.	negative
Etinyere oge g·ªã na ya	negative
Ihe nzuzu. . Enweghi m ike ilere ya ruo n‚Äôisi. Akw·ª•s·ªãr·ªã m ilere ya ka ·ªçgachara ·ªçkara. Emefula oge g·ªã.	negative
ihe nkiri juru oyi kwes·ªãr·ªã ·ªãd·ªã ike. Mmet·ª•taobi d·ªã mma na abu ·ªçgagata elu ·ªç gawa ala.	negative
D·ªãka esir·ª•tubu aka, etinyeghi uche nke ·ªçma na ya.	negative
The Wait b·ª• ihe nkiri juputara nd·ªã na-eme ihe nkiri b·ª• ·ªçkaibe mana ·ªç magh·ªã mma. ·ªå d·ªãka ·ªãgh·ªçr·ªç ·ªçka achabeghi acha.	negative
Ihe nkiri a d·ªã mfe	negative
nke a b·ª• ihe nkiri d·ªã nj·ªç na-agw·ª• ike	negative
The Culprit‚Äô b·ª• ihe nkiri abagh·ªã uru. ·ªå b·ª• nn·ªç·ªç ihe na-enweghi isi!	negative
Naan·ªã maka agumaakw·ª•k·ªç ka m ji kirie ya	negative
·ªå na-akp·ª• akp·ª•. Ihe mkpofu oge.	negative
·ªå na-agw·ª• ike	negative
Ihe nkiri a na-enye Nollywood aj·ªç aha.	negative
I nwetara m ·ªçr·ªãa nd·ªã Nollywood ka m na-elere Rattlesnake	negative
O jup·ª•tara n‚Äôihe nt·ªç ·ªçch·ªã emebigara oke nke na-amaghar·ªã n‚Äôetiti emereme emebigara oke na nke amagh·ªã mee.	negative
Mmep·ª•ta ya d·ªã ebe niille, nakwa egosip·ª•tagh·ªã agwa nke ·ªçma	negative
Ihe mkpofu oge na ihe	negative
·ªä ga-akp·ªç ya as·ªã	negative
Ak·ª•k·ªç mara mma, MANA ·ªç b·ª• ihe ntufu awa ab·ª•·ªç	negative
Mekar·ªãa ka ·ªã si ch·ªç·ªç, ‚ÄòYour Excellency‚Äô enweghi uru ·ªçbara, o mezughi  nkwa ·ªç kwere.	negative
Ihe enweghi isi‚Ä¶.·ªåkwes·ªãghi d·ªãb·ª• ihe nkiri. Ume ad·ªãgh·ªã nd·ªã agwa n·ªç na ya. Onye dere ak·ª•k·ªç b·ª• nwa af·ªç iri na ab·ª•·ªç. Egwu ag·ª•ru na ya ad·ªãgh·ªã mma.	negative
Njem maka agha ime al·ª•r·ª• na Na·ªãj·ªãr·ªãa n‚Äôaf·ªç 1960s b·ª• ihe ach·ªçr·ªç igosip·ª•ta n‚Äôihe nkiri a mana ·ªçdigh·ªã ka esi t·ª•·ª• anya.	negative
Ka o sinad·ªã, nke enwegh·ªã ·ª•t·ªç ·ªç t·ªçr·ªç, ·ªç gw·ª•r·ª• ike, ·ªç gagh·ªã were were.	negative
Emereme ad·ªãgh·ªã mma ma ncha, mana ihe nkiri a t·ªçr·ªç ut·ªç	negative
Mban·ª•, Mban·ª•! Emereme ya aj·ªçka nn·ªç·ªç site n‚Äôisiagwa	negative
N'agbanyegh·ªã na o nwere nt·ª•p·ªç, ·ªç t·ªçr·ªç ·ª•t·ªç.	negative
Ihe nkiri nke a d·ªãka ngwak·ªçta ihe gbagwojuru anya na-erughi echiche dabara adaba, nke ewebatara ihunanya na-erughi n‚Äôala obi.	negative
Edemede e ji mee ihe nkiri a agafegh·ªã ihe nd·ªã ·ª•l·ªçakw·ª•kw·ªç sekondiri na-am·ª• am·ª• mep·ª•tara.	negative
Akp·ªçr·ªç m ihe nkiri a ezigbo asi.	negative
Emereme ya j·ªçgburu onwe, ebe edemede ya ka nj·ªç.	negative
Emereme ya enweghi isi, mkpar·ªãta ·ª•ka ya b·ª• nn·ªç·ªç nk·ªçheri, ka aga as·ªã na a na-echetara nd·ªã omenkiri ihe ha ga-ekwu n'oge ·ªçb·ª•la 	negative
Ihe ·ªçb·ª•la gbasara ihe nkiri a gosiri ihe eweputagh·ªã ego mee.	negative
Nke a b·ª• igbu oge.	negative
Nke a enweghi isi.	negative
Naan·ªã na obosara Nollywood na-emep·ª•ta ihe nkiri nt·ªç ·ªçch·ªã ka a ga-as·ªã na o nweturu ike inwe isi.	negative
Charmed' ad·ªçr·ªçgh·ªã mmas·ªã. Mban·ª• kedu ihe a ga-akp·ªç nke a.	negative
·ªå j·ªçka. . Ngosi ya ekweghi agw·ª• agw·ª•, ·ªç d·ªãka o nwegh·ªã ebe ·ªç na-eje.	negative
Maka na ·ªç b·ª• egwu nkwa mere ka  ·ªç J·ªåGB·ª§O onwe ya kpam kpam	negative
Na nke a b·ª• n·ªç·ªç ar·ªçmar·ªç. Emereme ya enweghi isi ma ncha, ebe ak·ª•k·ªç ya ab·ª•gh·ªã ihe mmadu ga-ekwenye.	negative
AM·ª§ AT·ªåGBUO M.	negative
Nke a b·ª• aj·ªç ·ªãw·ª• n‚Äôala, ‚ÄòLevi‚Äô b·ª• ejije na-enweghi isi	negative
"Ihe nkiri a d·ªã n·ªç·ªç ·ªãt·ª•nanya n‚Äôihi enwegh·ªã ·ªçm·ªãiko onwe, mana ·ªç na-eme ka ah·ª•miihe nke ""Farming"" b·ª•r·ª• nke na-enwegh·ªã obi ebere maka nd·ªã na-ekiri ya."	negative
Ekwenyesiri m ike na ·ªç gaara ·ªãga nke ·ªçma ·ªãb·ª• ihe nkiri d·ªã mkpirisi d·ªã nkeji iri ruo nkeji iri at·ªç iji nwalee ya.	negative
ejije na-enweghi ihe ebu n‚Äôobi	negative
Ezi ebumnobi mana ebe nd·ªã mere ya amagh·ªã ihe ha na-eme mere na ·ªç t·ªçgh·ªã nd·ªã na-ekiri ya ·ª•t·ªç.	negative
·ªå d·ªã n·ªç·ªç ka isi nri hap·ª• itinye nnu‚Ä¶ihe nkiri a j·ªçr·ªç ezigbo nj·ªç na oge ·ªçf·ªçd·ª•r·ª• nkeji ise ka ·ªç gw·ª•, i ka na-aj·ª• onwe g·ªã ihe na-eme.	negative
Ihe ederede ihe nkiri a enweghi isi ma ncha.	negative
Ihe ha mere b·ª• ·ªãch·ªãk·ªçta ejije nt·ªç ·ªçch·ªã d·ªã iche iche, eserese nt·ªç ·ªçchi, na emereme maka obere ihe nd·ªã nt·ªç ·ªçchi gazugoro ebe niile n‚Äôigwe mgbasa ozi ·ªçha nke Na·ªãj·ªãr·ªãa, kpoo ya ihe nkiri nke ha b·ªãa webata na s·ªãn·ªãma. ·ªå b·ª•r·ª• na ·ªãb·ª• onye ma maka igwe mgbasa ozi ·ªçha, ·ªã ka ah·ª•go ·ªçt·ª•t·ª• n‚Äôime ha mb·ª•. ·ªå ga-eme na ha agagh·ªã at·ªç g·ªã am·ª• ebe a maka nd·ªã mep·ª•tara ya emeghinwu nke ·ªçma nk·ªçp·ªã ·ªçr·ª• nd·ªã ·ªçz·ªç, hapu ‚ÄúSocial Media 101‚Äù ha n·ªç n‚Äôala ala ma ab·ªãa na ime ihe nkiri, mkpar·ªãta·ª•ka gw·ª•r·ª• n·ªç·ªç ike na ·ªçk·ª• eji mee ngosi ya enweghi isi. Site n‚Äôisi ru·ªç na njedebe, o nweghi isi!	negative
"Ihe nkiri a j·ªçr·ªç nj·ªç. ""Nj·ªç"" ga-ab·ª•r·ªãr·ªã okwu ah·ª•."	negative
Ihe nkiri Naijiria ·ªçz·ªç e toro nn·ªç·ªç ezigbo otito mana o nweghi isi‚Ä¶E nweghi m ike ·ªãgwa onye ·ªçb·ª•la ka o kirie ya.	negative
·ªå b·ª•gh·ªã na ·ªç j·ªçr·ªç nj·ªç otu a - mana ederede ya na ntuziaka enyere na ya ad·ªãgh·ªã mma	negative
Mmalite ihe nkiri a kudara obi. E nweghi nt·ªçala ak·ª•k·ªç iji k·ªçwaa mbata Laila.	negative
Ak·ªçmak·ªç na-ad·ªãgh·ªã mma ma ncha, ·ªç b·ªãa nwee nnukwu ndeghar·ªã ak·ª•k·ªç ihe mere eme ka o wee daba n‚Äôusoro na nhazi ihe nkiri ah·ª•.	negative
Ihe iberibe. Na-enweghi isi. Na-abagh·ªã uru.	negative
Ihe nkiri a adigh·ªã mma.	negative
Ihe nkiri a s·ªçr·ªç anya oyi.	negative
·ªç k·ªçr·ªç ak·ª•k·ªç egheghi mmad·ª• nwere ike ·ªã·πÖ·ª• iyi na ·ªç b·ª• nwata akwukwo pra·ªãmar·ªã dere ya ngwangwa maka ngosi ejije Omenala af·ªç gara aga	negative
·ªå b·ª•r·ª• na I ji oge kp·ªçr·ªç ihe, gbaa mb·ªç ka ·ªãgbanah·ª• ihe nkiri a n'oge ihe ngosi ·ªçb·ª•la	negative
Ihe nkiri d·ªã mkpa o nwere ike ·ªãd·ªã nj·ªç?	negative
·ªå b·ª•r·ª• na m b·ª• ·ªçkamm·ª•ta nkuzi ihe nkiri ch·ªçr·ªç ·ªãta ·ª•m·ª•akwukw·ªç m ah·ª•h·ª• na-enweghi ihe ha ga-eme, n‚Äôezie echeghi m na o nwere ihe ngosi ga-ar·ª• ·ªçr·ª• a karia nke a.	negative
O tofere ogologo oke, emereme ya d·ªã nj·ªç, o nwere ·ªçt·ª•t·ª• ihe n‚Äôabagh·ªã uru.	negative
·ªäk·ªç ak·ª•k·ªç amanyere amanye na eme ihere, emereme ·ªçj·ªç·ªç b·ª• njirimara ihe a na-agh·ªçr·ªã onwe ya n‚Äôihe ·ªç b·ª•gh·ªã.	negative
Ked·ª• ka ihe nkiri nke nwere ·ª•d·ªã isiokwu a mechara b·ª•r·ª• ihe na-akp·ª•akp·ª•, na-agw·ª• ike?.	negative
nke a b·ª• ak·ª•k·ªç nke nwere ikike inweta nnyocha d·ªã mma, mana mmep·ª•ta ya ad·ªãgh·ªã mma, nke a mere na a ga-echefu ya ·ªçs·ªãs·ªç	negative
Ihe nkiri a enweghi ebube ruru nke ihe nkiri ‚ÄúThird Eye‚Äù site na af·ªç iri itoolu gasi nke Pa Olu Jacobs n·ªç n‚Äôime ya. Erukwala ya nso.	negative
oge ·ªçb·ª•la Nollywood a na-emechu mmad·ª• ·ªãh·ª•/oge ·ªçb·ª•la Nollywood a na-emenye mmad·ª• ihere	negative
Survival of Jelili' b·ª• ihu nkwukwo nzuzu jup·ª•tara o nweghi ihe gbasara ya d·ªã mma.	negative
Na mmechi ihe nkiri nke mb·ª• Chief Daddy, mwebata agwa ·ªçh·ª•r·ª• na ·ªçn·ªçd·ª• ikpeaz·ª• na-egosi na o nwere ·ªçz·ªç ga-esonye, mana Chief Daddy 2 bu ihe ·ªçz·ªç buru ya ·ªçn·ª• gaa okwa d·ªã ala.	negative
O kwesighi ikwusi ebe o kwusiri, onye dere ya amagh·ªã ihe o na-eme.	negative
Usoro na nhazi ya enweghi isi ma ncha, b·ªãa ju ebe niile	negative
Nke a b·ª• nnukwu itufu ego na oge	negative
ihe nkiri a enweghi isi ma ncha, ma ·ª•m·ª•aka agagh·ªã enwe mmas·ªã ikiri ya	negative
