ha_review	sentiment
Soap opera mai tashe dake warwarewa akan backdrop na darasin garga…óin tahiri dake tunatar damu cewa a Najeriya, iya yawan abubuwa da suka sauya, iya yawan da zasu tsaya da hauka. 	positive
Aiki mai matu∆ôar yawa da tantancewa ya tafi zuwa yin wannan. Irin wannan matu∆ôar yawa, ingancinshi yayi fice a sau∆ôa∆ôe kuma da zarra. Tsabagen yawan ingancin a sau∆ôa∆ôe mai burgewa ne. 	positive
My village people shiri ne da zai saka ka rasa tarbiyyar gidanku yayin da kake kallon shi. Amma mai nemo hanya ne na nau'ika. Nollywood gaba …óaya batayi aiki mai kyau ba na sanya shu'umancin motsa sha'awa da birgewa. My Village People ya sameshi cikin sau∆ôi, kuma ya cancanci yabo mai …óumbin yawa.	positive
Labarin ba komi bane da bamu ta…ìa gani ba a baya amma an fa…óeshi daga mahangar Najeriya, yanada ban dariya, wanda ba'a sabayi ba kuma maganganun yayi kyau idan aka dangantashi da wasu da ake dasu a kasuwar Najeriya.. . . . Gaba …óaya na ji da…óin shirin, tabbas zan bada shawarar shi (ga jama'a ta na Naija!).	positive
Shekarun1980, masu sufurin ∆ôwaya, kyawawan ba∆ôa∆ôen mata ... Ina cikin aljanna	positive
Na gaskiya amma da  jinkirin tafiya kuma yayi melodrama dayawa.. . . . Wasan kwaikwayo mai kyau, akan lamuran gaskiya kuma labari mai kyau. Tafiyan yayi …óan jinkiri dayawa ma so na kuma wasu guraren sunyi kamar shirin anyi-don-talabijin(sautin mai da…ói da yawan wasan kwaikwayo).. . . . Gaba …óaya za'a iya kallo idan ka san me kake samu cikin gaban lokaci.	positive
Gyara.. . . . Nagode da wannan. An burgeni da shi. Amma Ni Nelson Orah ya fito a matsayin Ahmad, ba Umar ba. Zan yaba da shi idan aka gyara. 	positive
Ta kasance' matu∆ôar kyau! Zaka so ka kalli wannan shirin. Wannan shiri mai kyau ne na ban mamaki. Zallan abin so na Nollywood.	positive
An ∆ôayatar dani bayan kallon shirin, komai yayi yanda akeso. An burgeni musamman da ingancin jerin 'yan wasa da ma'aikata. Mai bada umarni, Kemi Adetiba tayi aiki mai kyau kuma ina alfahari da ita. Na bada shawararshi ga mutane dayawa. Na zuba ido don kallon wasu aikin ta.	positive
Genevieve Nnaji ta tsaida ∆ôafafunta da kyau a cikin manyan masu bada umarni masu baiwa. Bata bada kunya a sabon fitowan ta,Lion Heart. Ya kasance na kallo dole, da ya sanar da farkon Nollywood …óin duniya.	positive
Nollywood a ∆ôololuwan ta!!!!. . . . Wannan shirin ya bada labari akan al'ada, ha…óin kai da iyali. Take masu …óumbin yawa da bazan iya gama fa…óansu ba. 	positive
Shiri mai kyau da hikima. Ya kasance shiri mai kyau, da ya nuna hatsarin ∆ôabilancin Najeriya da yanda zaiyi tasiri a ∆ôaramar soyayya.	positive
wannan shirin kyauta ce mai kyau a cikin nau'in.	positive
Na so wannan shirin. . . . Naji mamaki sosai da na karanta magana marar kyau ma wannan shirin. Shin dagaske mun san ya shiri mai kyau yake? Wannan shiri yayi kyau sosai, na jin da…ói sosai.  'Yan cikin wasan an bun∆ôasa su da kyau, layin labari na iya yarda ne da na iya kamantawa. Da ingancin, mai kyau. Sannunku gayu. Na so shi har fiye da wedding party na 1 da na 2. Ba'a bani kunya ba gaba …óaya.	positive
Naga nunawan farko a Houston Texas. . . . Wannan shirin ya kamata ya samu lambar yabo daga Oscar. Layin labarin yayi kyau. Jaruman duka sun kasance masu ban mamaki.	positive
Duk wanda yake son fasaha, Wanda  ya ga kashi na …óaya zai san fulotin da layin labarin sun kasance tuni a gine dEr√© kuma wannan abinda bibiya ne.	positive
Sakamako mai kyau.	positive
Bayyanannen shiri. . . . Wannan yayi kyau sosai kuma shiri daban. Wasu mutanen ba lallai su so shi ba ta yuwu saboda sun saba da shirye-shiryen soyayya ko na ∆ôayatarwa ko kuma ta yuwu saboda basu saba rayuwa tareda abin hawa ba. su shirin dagaske ya nuna yanda abubuwa suke a ha∆ôi∆ôa a cikin rayuwar makaniki, masu koyo da abokan cinikayya. Yana kuma malamai iyaye da yara darasi mai kyau. Ya kasance kamar bayyanannen shiri mai kyau. 	positive
Understated, wasan kwaikwayo mai ∆ôarfin crime tareda …óan…óanon tarihi. . Wannan shiri ne mai cike da 'yan wasa. Babu guri …óaya da akayi asararshi.	positive
Cigaba mai kyau har zuwa ∆ôarshen shirin... Marubucin da mai bada umarni yanada basira da iya ∆ôir∆ôira. Na gode sosai don wannan shirin mai ban mamaki	positive
Na ji da…óin ganin …ìangarorin Lagos masu kyau sosai, duk a cikin gari da tsibirin, da akayi amfani, ba kamar wasu shirye-shiryen da suka tsaya a guri …óaya ba. Lagos gurine mai kyau don …óaukan shiri, musamman idan aka saka rabe-raben garin a aiki,kamar yanda aka gani a nan. Guraren hatsari sau dayawa suna bada matsalan nunawa ga Nollywood, amman ya kasance abin ban mamaki mai gamsarwa na ganin wanda za'a iya gaskatawa sosai anan.  	positive
Ambato shirin. . Cikakken shiri. Naso dukkan da∆ôi∆ôa ma shirin. Nayi fatan bai ∆ôare ba.	positive
Sabon bada umarni na Akinnuoye-Agbaje ya kasance labarin zamani mai matsala akan masaniyar kai na darakta a matsayin 'kulawa da yaro' na yaron Najeriya a UK a lokacin ∆ôaruwan ∆ôyamar ba∆ôi a tashi tsayen isowar zamanin Windrush.Kallo da yanayin farkon lokacin shirye-shirye yana gabatar da tsari na 'yan wasa sababbi kuma na gaske cewa wani kawai zai iya ganowa daga samun masaniyar su. Yanayin tafiyan shirin ta hanyoyi dayawa ya hasko wannan.Wani lokacin kamar yanason …óaukan kusan takun fama da fargaba wanda yake mai ma'ana a cikin hanya dake gano sakamakon wani yana tuna labarin rayuwar su- ∆ôunshe da bayanai masu amfani da lokutan tashin hankali - amma ba koda yaushe ba wanda yake sakashi wahalar ganowa da yaba wucewan lokacin iyaka akan  abin al'ajabi. 'Yan wasa masu taimakawa suma sababbi ne kuma da∆ôilewa da za'a iya bayyanarwa amma sun gaza a zurfin da ake bu∆ôata don zama cikakkun 'yan wasa fiye da hul…óar su tareda jagaban shirin. Bugu da ∆ôari shirin yayi ka…óan don ta…ìo ko bada muhallin tsarin shi, da gangan sun za…ìi mayar da hankali akan gwagwarmayar ciki na jagaban …óan wasan shi. Dukda hakan jagaban …óan wasan shirin yana tursasawa don ajiye mai kallo ji…ìinta shi …óaya a cigaban shi har zuwa ∆ôarshen shirin.Gaba …óaya Farming sabon bada umarni ne mai burgewa dake shawo kan al'amura masu shaida biyu da tsanan- kai a yanayin dake barin abu dayawa da ba'a fa…óa ba amma yana kawo bayanai masu saka …ìacin rai mai …óaci kuma akai-akai na gwagwarmayar mutane don ma'ana da shaida. Akwai abubuwa dayawa sosai don martabawa gameda wannan shiri wanda ya gabatar da lokacin kau da kai sau dayawa a tarihin Britaniya, amfanin irin wannan batun sirri da ya cancanci babban lokacin yi akan shirye-shiryen mere mintuna 107. 	positive
shirin mai ban mamaki kallo dole	positive
Shiri mai dogon zango mai kyau. . Ina matu∆ôar son wannan wasan. Duka 'yan wasan sunyi dakyau kuma na ji da…óin kallo. Fatan zai tsaya kusa don ∆ôarin zango. Ina zuba ido don ganin zango na gaba!!!	positive
Yin aiki daga wani rubutu na marubuci Darci Picoult, Dosunmu fashions labari da ya kasance na gaskiya, na melodrama kuma takamamme na al'ada (mun …óauki lokaci mai yawa muna kallon riguna masu tsarin launuka kamar yanda muka yi sha'awa mara ∆ôarewa a nunin fuskar Gurira), tukunna abun misali marar kuskure.	positive
Shiri mai kyau!	positive
Babu kalmomi don bayyana ∆ôarfin wannan shirin da tunatarwar shi na yanda yayi sa'a da bai ta…ìa zama cikin ya∆ôin basasa. Bada labarin na ban mamaki ne na tashin hankali, tarihin Najeriya na kwanannan da tausayi a cikin shi gaba …óaya.	positive
Mai kyau	positive
Nuni bisa hujja na inyamurai. . . . Lion heart ya nuna menene ha∆ôi∆ôanin nufin zama inyamuri- aiki-tu∆ôuru da rayuwar mulkin gargajiya.	positive
Akwai yawan wasan kwaikwayo matsakaici a nan da can kuma wasu abubuwan sun yi ka…óan zuwa babu ma'ana a gurina amman gaba …óaya naji da…óinshi a yanda yake. Ta yuwu bazan ∆ôara kallon shi ba har abada amma kallon shi sau …óaya yayi da…ói.	positive
Yayin da taken nan sun kasance, tabbas, tuno da ambaton siffanta talauci a sau∆ôa∆ôe, masu ha…óa shirin basuyi amincewa na rashin gaskiya ba na abinda ya wuce na sinima ba. Muryar su tasu ce; Kamarar tana tafiya lokacina da ya kamata, amma tana tsaye a guri …óaya lokuta dayawa, da ke barin mafi kyawun jerin 'yan wasa su gina rawar da zasu taka a matakin abubuwan da zasu faru na shirin gwajin juriyar su.	positive
Ban dariya Ban dariya Ban dariya. . . . oh mehn, wannan shirin mai matu∆ôar ban dariya ne. Idan kana neman shiri don saka ka cikin yanayin farin ciki to wannan shine shiri daidai don kai.	positive
Shiri mai kyau!!. . Wannan ya kamata ya zama shiri mafi kyau da zai fito daga Najeriya, ba don a ambaci na matu∆ôar ban dariya!	positive
KYAKKYAWAN MATAN AFIRKI	positive
Ban san a kan wani dalili mutane suka bama wannan shirin irin wannan ∆ôarancin kima amman ku yarda dani bayan lokaci mai tsayi na kalla irin wannan shiri na ∆ôwarai, mai kyau, tsaftatacce kuma wanda yafi shirin Bollywood.	positive
Ingancin hoton shirinnan yayi kyau, kuma mai bada umarnin yayi aiki mai kyau.	positive
Aiki mai kyau. . . . Aikin Temi Otedola yayi kyau dagaske. Gaba …óaya naji da…óin shimfi…óar da shirin yake dashi da kuma yanda aka bayyana kowani yankin bayanai.	positive
Babban taku a cikin mayar da ruwayar mu. . . . Wannan shiri ha∆ôi∆ôa ya nuna …ìangare mai zurfi na gwagwarmayar mutanen da muke yawan watsi da su. Sau∆ôin ganin mutum don yanke hukunci, amma idan aka fa…ói labarai irin wa'ennan zaka fara kallon kowa da nufi daban daban. ∆òarshen, amma kwatsam ya ajiyeka a cikin rashin tabbas kuma ya ri∆ôeka a zargi mai da waswasi a kan abinda yanzu ka shaida.	positive
Ya tsaru!!!üî•üî•üî•. . Tabbas shirin Afirka na shekarar, Naji da…óin kowani minti na awa 2 da minti 30 üòÄüëèüëèüëèüî•üî•üî•üî•üî•üî•‚úîÔ∏è‚úåÔ∏è	positive
Labari ba na kasafai ba gameda kimar iyali daga ra'ayi mabanbanta. Anyi fassarar shi a fayyace tareda za…ìin 'yan wasa cikakke.	positive
Daga ∆ôarshe babban shirin Najeriya. A shekaru dayawa nayi fatan cewa Najeriya zata samar da shiri babba sosai, kuma daga nan ne inda 'yan uwa Esiri suka shigo ciki.	positive
Gaskiya wannan shirin samarwa ne mai kyau hikima kuma mabiyi. Da…ói daga wasan kwaikwayo ingantacce.	positive
Da wuya idan akwai lokacin minti 5 a cikin wannan shiri tareda babu abinda za'ayi murmushi, dariyar ciki ko dariya akai. Bana tunanin akwai wani shirin Najeriya da yakai wannan a nau'in shi (∆ôagaggen labarin ban dariya). Tasirin shirin sun kasance abin yabawa suma.	positive
Shirin soyayyan ban dariya na Nollywood mai kyau. . Wannan shiri yayi ha∆ôi∆ôanin da…ói isasshe da zai saka ka dariya bayan rana marar da…ói.	positive
Shirin da ya ha…óa ∆ôasashe mai kyau. . . . Abinda kawai da banaso gameda wannan shirin shine yanda akwai ka…óan zuwa babu hul…óa tareda gwamnatin Najeriya ko Indiya.. . . . Shirin soyayya mai kyau.	positive
Labarin ya fara a …óan hankali amma a tsaya a haka. Labari mai kyau sosai.	positive
King of boys. . . . Wannan shiri mai dogon zango yayi matu∆ôar kyau ha∆ôi∆ôa, daga layin labarin zuwa jerin 'yan wasa, kayayyaki da kuma motsin zuciyan da jaruman suka nuna. Ina tabbas alfahari da zama …óan Najeriya a wannan lokacin. Da kyau Kemi Adetiba, da kyau Sola Solowale!	positive
Na kallo dole na kowa da kowa. . . . Namaste wahala ya ∆ôawatu kuma a hukumance ha…ói tsakanin al'adu. Wannan ha…óin gwiwa na Nollywood da Bollywood nada komai a shirin soyayya mai kyau da ya kamata yanada shi. Jaruman indiyan sun yi da kyau kuma sun taka rawarsu da kyau sosai.	positive
Na ha∆ôi∆ôa, mai nisha…óantarwa da ko ina vibes mai da…ói. Zan iya kallon shi a a rana gaba …óaya. Ina fatan zasu nuna na sama da sati …óaya amma. Bayan hakan, kawai yayi kyau. Yawancin wasan kwaikwayo na gaske suna  fitowa a matakin rubutu amma ba wannan ba. 	positive
A kan ma'aunin Nollywood zan bawa wannan shirin 9 saboda layin labari na musamman da samarwa mai matu∆ôar kyau wanda ya saita shi gefen wasu shirye-shiryen Najeriya	positive
Layin labari mai kyau. . . . Ya kasance shiri mai kyau da layin labari. Ina son shi.	positive
Babu abin fa…óa;. . . . Wannan shirin ya saka tsikar jikina ta tashi Na ha…óa a hanyar da a zahiri ya bani tausayi. Lallai siffanta Ubangiji ta hanya da yanda ya kamata Allah ya ma marubuci, masu samarwa da duka wanda da hannunsu a ciki albarka. Suma jaruman sunyi da kyau kowa yayi aiki mai kyau.	positive
Naji da…óin ala∆ôar da ta ∆ôagu tsakanin Mr Tayo (Bimbo Manuel) da Ejiro (RMD),	positive
Abu …óaya da nake so gameda shirin shine yanda aka fa…ói labarin da yanda jaruman suka fassara shi. Marubutan, masu bada umarni masu cinematogography sun cancanci tafi don wannan ∆ôo∆ôarin.	positive
Shirin kirista mafi kyau!!!. . .   Ina son wannan shirin! Yayi da kyau sosai - Wasan kwaikwayon yayi matu∆ôar kyau kuma layin labarin ya kasance na sha∆ôatarwa. Yabo zuwa gaba …óaya 'yan wasa da ma'aikata! Tabbas na kallo-dole!. . . . P. S. Zaka bu∆ôaci takardar goge-goge.	positive
Na so shi!. . Ina  son shirin, jaruman, mai bada umarni da sauransu. Ha∆ôi∆ôa kowa ya saka shi zama mai kyau tare da baiwar wasan kwaikwayon su. . . . Duk wanda ya same shi a rashin kyau a bayyane bai san shiri mai kyau ba, kuma yana yiwuwa ba zai iya danganta da al'adunmu ba.	positive
Matukar kyau. . . . Shirin yayi matu∆ôar kyau tare da kyawawan 'yan wasa. Ina son ganin Bisola a shirye-shirye, Tana da ∆ôo∆ôari.	positive
Wasan kwaikwayo mai kyau, bada umarni mai kyau, ba wani babban labari ba. . Sai na bu…óe shafi don bitar wannan shirin. Wannan aikin fasaha ne mai kyau.. .	positive
Mai ban sha'awa. . . . Naji da…óin shirinnan sosai. Wasan kwaikwayon da layin labarin sunyi kyau sosai. Na same shi da zama mai ban sha'awa don mamaki akan rayuwar Ishi - wannan tabbas abin bu…óe ido ne ga dayawa wanda ake tursasa su cikin aure.	positive
Gabriel Afolayan a cikin ajin kanshi yake a matsayin jarumi; Yana fahimtar aikin shi a koda yaushe.	positive
Baiyi muni kamar yanda akayi bita ba.	positive
Shiri mai kyau kuma aiki mai kyau. . . . Shiri mai kyau ingantacce aiki mai kyau da ban dariya mai kyau an ha…óa duka cikin …óaya. Shiri mai ∆ôayatarwa da jerin 'yan wasa mai kyau.	positive
An yi da kyau, almara mai kyau da tafiya a tsanake da dukda haka yana gwagwarmaya don daidaita bu∆ôatun melodrama tare da tura shi don kamo lokacin tarihi.	positive
Mai matu∆ôar kyau. . . .  Lokaci na farko dana ga wannan shiri an burgeni. Bana so a …óauka da shirme amma na yi ∆ôo∆ôarin nazarin abubuwan wannan duniyar. Ina fatan ganin kashi na biyu tare da 'yan wasa iri …óaya da fuloti mai duhu.	positive
Mai ban mamaki. .  Zan kamar koda yaushe flicked wuce wannan, amma gaskiya labarine mai ban mamaki. Zaka iya cewa yana da ∆ôarancin kasafin ku…ói, amma bada umarnin da nuna wasan na ban mamaki ne! Shirya guraren fa…óa ya rasa ka…óan. Ya cancanci kallo tabbas	positive
Labari na maida hankali na iyali da ya∆ôi. . . . Na bada shawarar shi ba tareda ajiya ba	positive
Wow. . . . Wannan shiri lallai ya saka ni sauya ala∆ôa ta zuwa mafi kyau. Babban shiri. Shirin da gaske ya fara da jinkiri amma tabbas ya bani sha'awa. Tuno bayan lallai ya saka ∆ôarshen yawan tsanani saboda komai ya ha…óu a guri …óaya.	positive
Mutane baza su ta…ìa koya ba idan basuyi ko ∆ôo∆ôari ba.. . . . Wannan shiri ya magance al'amura da yawa wanda ya ha…óa da babban su gaba …óaya. Rikicin asali a cikin ba∆ôa∆ôen maza.	positive
"Ta cikin tattalin arziki na gamsasshen bayani, Eyimofe, (aka fassara shi a ""Wannan shine muradi na"") yana bada hoto na duniya gaba …óaya mara lokaci na juriyar mutum yayin tsayar da Arie da Chuko a matsayin maraban sabon ∆ôari ga damuwan ha…óa shiri."	positive
Ya kasance babban shiri ne daga wani wanda muka sani da ya zamo babban mai bada labari. Gold Statue ta yuwu ba …óayan mafi kyawun aiyukan Tade Ogidan bane, amma ya yi matsayi a can sama	positive
Shiri mai kyau. . . . Layin labari mai kyau. Ya cancanci kallo. Tabbas zan bada shawarar kallon shi.	positive
Wannan ya kasance abin da…ói don kallo. . . . The Delivery Boy na sha∆ôatawa ne sosai, labari mai kyau, an bada shi da haza∆ôa. Ya kamata ku kalle shi!	positive
Ya kamata wannan wasan yana da zango 5!!!!. . . . Wannan wasa yayi da…ói da nisha…óantarwa. Idan asalin Caliphate yana da matsala dashi. A sauya ko ta∆ôaita kalmar sunan, ina ro∆ôo. Gerin 'yan wasa mai kyau!!! Rubutu mai mai!!! Kallo mai kyau. :)	positive
Babban shiri. . . . Bazan iya don rayuwa ta fahimtar ∆ôarancin sharhi ma irin wannan shiri na musamman. Shiri mai dogon zangon yayi kyau sosai da na ta kallon shi gaba …óaya  shiri mai dogon zangon a matsayin …óalibin likitanci. Aiki mai kyau da jinjina ga mai shiryawa da 'yan wasa.	positive
Shiryawan yayi kyau a d shekaru masu haske a gaban yawancin shirye-shiryen ∆ôasa da madaidaici na siniman Afirka. Shirin da gaske babban taku ne a right direction ma Siniman Afirka.	positive
Ka…óe-ka…óen kai tsaye mai nisha…óantarwa da yake nuna shirye-shiryen rayuwa ingancin jazz da pop da ∆ôungiyar mawa∆ôa mafi kyau	positive
Wannan return of the king …óin ya …óaukaka.	positive
Aiki mai kyau!!	positive
An ∆ôage shi da kyau, labarin na kai matu∆ôa an fa…óe shi da wasan kwaikwayo mai kyau.	positive
Har yanzu …óaya daga cikin mafi kyawun shirye-shiryen 2017. . Isoken shiri ne mai kyau da yake nuna al'adar gurin ∆ôasar. Tsarin, …óaukan shirin,launika da shigar  ya fa…ói dayawan al'ada da kyau sosai. Shirin yanada kyau sosai na saka dariya da wasan kwaikwayo mai kyau.. .	positive
Kallo mai kyau. . . . Babban shiri! Na ji da…óin gaskiyan cewa sun …óaga darajan yaren Igbo!	positive
"Bi da kyamerar hannu, hotuna masu motsa zuciya, rubutu mai tsayarwa, sannan shiri da ya bayar da sanannen labarin mai kama da salon Afurka yasa ""√íl√≤t≈´r√©"" ya zama shiri mai bada sha'awa da ba kawai zaka jure ba amma zaka yaba kuma ka kar…ìa."	positive
Ya kamata ku kalla wannan!!!!!. . . . Na kallo dole!!! Na fa…óa soyayya da 'yan wasan Fulotin a zahiri komai	positive
Shiri mai matu∆ôar burgewa	positive
Ina son ka - Inada jariri...	positive
Aiki mai kyau daga Kemi Adetiba, Labarin ya rubutu da kyau, cinematogography mai kyau, duka jaruman sunyi aiki mai kyau. Wannan shirin na ajin duniya ne... Jinjina ga dukkan ma'aikatan	positive
Shiri mai tasiri na kashin da aka manta gaba …óaya a tarihi; ba na mai raunin zuciya ba.	positive
Babban shiri- nisha…óantar da ilmantar	positive
Wasan kwaikwayo mai muhimmanci tare da ban dariya madaidaici, irin nawa	positive
Wow, wannan labarin gaskiya! Wow! Mai ban mamaki. . . . Wow wannan labari! da yawan yawan yawan labarai na masaniyar ba∆ôa∆ôe har ∆ôarshen 'yan Afirka na ∆ôasar waje, kuma har zuwa ∆ôarshen zamani. Na ji da…ói da …óan uwan mu ya bada labarin shi kuma har ya kai ga rubutu, bada umarni, jagoran 'yan wasa. Sai Damson wow, wasan kwaikwayon shi na ban mamaki ne a koda yaushe.	positive
Abin burgewa & ban dariya yanda suka nuna duka al'adu biyun. An nisha…óantar dani har ∆ôarshe! Shiryawa mai kyau.	positive
Isarwa mai matukar kyau. . . . Shirin isarwa ne na ban mamaki na lalata a kan …óalibai mata na jami'a daga wasu malamai. Yana mi∆ôa sa∆ôo a cikin hanya mai sau∆ôi wanda baza'a yi zargi ba. ∆òarshen da baza'a iya hasashe ba dukda haka, tsallake ka…óan da za'a iya yafewa	positive
Mai ban mamaki. . . . Ina son nunawa idan tsuran al'ada ko da a sautin. Yayi kyau don ganin mutanen da suka saka ni ∆ôara kallon shirye-shiryen nollywood. Mai ∆ôayatarwa gaba …óaya kuma mai matu∆ôar ban dariya..	positive
Shirin dogon zango mai ban mamaki. . . . Ina son wannan shirin. ∆äauka mai kyau. wasan kwaikwayo mai ban mamaki. Kowa yana bada wasan shi. Barkwancin na gaske ne kuma na danganta sosai. Haka kuma yana ilmantarwa.	positive
Na samu abinda nake so. . Yaren na titi ne, tauraron 'yan wasa, cinematography da gyara a kan hanya. Haka kuma yana da fuloti mai kyau. Mafi kyawun duka da ya saka Ajegunle a taswirar.	positive
Sabon annobar duniya da zai iya ∆ôara faruwa!. . . . Shiri ne mai kyau kuma kamar da gaske a kan abinda ya faru da gaske. Ya fi shirin Contagion in my book. Da gaske ya zo kusa da gida don ni. Shine annobar duniya na gaske na farko a gaba …óaya rayuwata. Da gaske zan so na siya wannan shirin a kan DVD kuma nata nema a Us amma babu.Shin wani zai iya fa…óa min ta yaya? Nagode	positive
Ya za'ayi shiri mai wannan batu yayi sama da zama mai jinkiri da gundira haka? Ina saurin? Ina zargin da tashin hankalin? Gyaran da yanayin tafiyan ya tayar min da hankali kuma kawai babu yanda za'a bu∆ôaci wannan abun ya zama kusan tsayin awa biyu da rabi. Kuma hakan da gaske abin kunya ne saboda ya lissafo ha∆ôi∆ôa matsala babba kuma mai amfani, Ina fatan yayi hakan ba tare da saka masu kallo bacci ba.	positive
Lionheart wani irin shiri ne mai kyauüëè. . . . Wannan shiri shine mafi kyawun shirin Nollywood da na ta…ìa gani zuwa yanzu. Ko wani guri ya kasance madaidaici, mai kyau kuma da ta…ìin ban dariya da darasi mai kyau. Ina son cewa an nuna Najeriya da kyau. 	positive
Zango na 2. . . . Na so Zango na 1 kuma da wahala zan iya jiran zango na 2. Ina son duka 'yan wasan. Don haka da fatan zaku cigaba da kawo sababbin shirin dogon zango.	positive
"Shirin awa 2 ne da ∆ôwamma kada na ∆ôira shi nisha…ói amma lokacin ∆ôarfafawa. Idan ina tantama, gamsuwa ta yana zama dama-dama... Na samu na ha…óu da shirin saboda  bayyane, na samu masaniyar taimakon Ubangiji a da.. . . . Nace ""eh"" kuma ga ∆ôiran Ubangiji."	positive
Ya kusan nuna daidai zagin da …óalibai mata dayawa suke fuskanta a jami'o'in Najeriya da Afirka ta yamma gaba …óaya	positive
Mai kyau da bayyanar wa amma ∆ôayatarwa ba kalmar bace. . . . Gaba …óaya, Hamsin shine inganci, mai kyau da rayuwa, an yi zaton ya zama mai ∆ôayatarwa a ∆ôarshe amma tsikar ∆ôurajena basu fito sosai ba amma nayi murna da na tuno layuka ka…óan da gurare a ∆ôarshen. 	positive
Shiri mai tasiri na Kunle Afo zuwa yanzu... . . . Shirin ya ta…ìo maudu'i da yake da amfani sosai na tsarin ilimin Najeriya. Layin labari mai kyau, fuloti mai ban sha'awa, wasan kwaikwayo na ban mamaki. Wannan shirin shine …óaya daga cikin mafi kyau da zaka ta…ìa kalla a kan maudu'i dake damu akan tashin hankalin jinsi a makarantun gaba da sakandare a Afirka. Kawai na ji da…óin shi kuma ku taurara sharhin ku na rashin son zuciya! Ya kasance mai kyau ne	positive
Shirin mai kyau sosai. . . . Yanzu na kalla Lara and the Beat a Netflix. Wannan shirin mai ban mamaki ne. Cinematography mai kyau, wasan kwaikwayon kan hanya, babban labari, sauti mai da…ói sai kuma gaba …óaya nisha…ói da duka iyali zasu iya jin da…óin shi.	positive
Mai sha∆ôatarwa. . Na so kamai game da shi. Al'adan, yare da ki…óa sun yi kyau.	positive
Shirin a ingance ya bamu yanayin shekarun tamanin, har zuwa yanda ake tsara biki,magana akan sauya launi , kayan, da karamcin amfani da damask da adire.	positive
Shiri ne da aka tsara shi da kyau, cike da 'yan wasa da aka za…ìa da kyau suna aiki a tsarin fulotin da baya fa…óuwa. Shirin. an yi shi ne da kyakkyawan zane mai ∆ôayatarwa da cinematography gama gari. Labarin, dukda ba na musamman bane, kyawun shi ya isa ya saka ka mannewa a kujerar ka yayin bayar da abu …óaya ko biyu game da abinda ke faruwa.	positive
"Zango na 2 dan Allah!. . . . Na kalla ""Shiri mai dogon zango hamsin"" sai nazo kan Castle & Castle saboda na san fuskar Tola. Inason wannan shirin kuma zan so zango na 2 ya fito! Kawai na tsani cewa idan bar ni inata kallon kashi na ∆ôarshe, kamar zango na 2 zai fito. Dan haka dan Allah a bamu zango na 2!!"	positive
Shiri mai kyau!. . . . Wannan matsanancin, wasan kwaikwayon iyali mai saka …ìacin rai tare da rubutu mai matu∆ôar kyau da aikin wasan kwaikwayo na tauraro.	positive
Ka…óan amma na ban dariya!. . zinariyan barkwanci na gaske tareda fulotin labari mai kyau. Daga 'yan uwa matan zuwa mugayen, wannan na kallo dole ne! Banda ambatan yuwuwar abu ba zato ba tsammani da …óauka mai kyau na musamman! Na bada shawarar shi sosai.	positive
Sun …óauka risk amma aiwatarwan daga shiryawa zuwa wasan kwaikwayo yayi dakyau sosai.	positive
Farming ta yuwu bazai zama labari mafi kyawun aiwatarwa, amma tare da aiki mai …óaukan hankali daga Damson Idris, dukda haka, har lau labari ne da ya cancanci bayarwa.	positive
MAI SHA∆òATARWA ∆òWARAI!!!. . . . Komai game da wannan shirin kawai a kan HANYA yake! Layin labarin, 'yan wasa da bada umarni.. har zuwa kayayyaki. Ha∆ôi∆ôa na ji da…óin wannan!! Gurguru na ta ∆ôare a cikin mintuna! Soyayya soyayya soyayya! Dan Allah a yi wasu shirye-shiryen!!!	positive
Shirin ∆ôasashe mai kyau. . . . Abinda kawai bana so game da wannan shirin shine yanda akwai ka…óan zuwa babu hul…óa da muhallin Najeriya ko India.. . . . Shirin soyayya mai kyau.	positive
Shirin ban mamaki. . . . Ina son son kallon wanna shirin tare da fulotin shi mai matukar kayau, bada umarnin wasan kwaikwayo da Dakore kuma 'yan wasan sunyi ∆ôo∆ôari sosai a wasan kwaikwayon. An nuna gaba …óaya al'adar mu da abinda ke nuna al'adar mu. Ya cancanci Oscar idan ajin asali ne. Tabbas 10/10 a gurina	positive
Shiri mai ban mamaki!!! Wow wow wow. Nollywood ta yi sama.	positive
Mai kyau sosai. . . . Layin labari mai kyau da yake bu∆ôatan maida hankali sosai. Amma gaba …óaya, shirin yayi da kyau.	positive
Babban shiri daga Nollywood.. . . . Ba'a rubuta Lionheart kawai don shi ba. Ya nuna abubuwa dayawa dake faruwa a Najeriya da cewa zai …óauki mutum mai zurfin tunani da kar…ìar shawara ya kalla shirin har ∆ôarshe.	positive
Wannan a nesa shiryawa mafi kyau daga nollywood! Yafi kamar shirin Afirka da America. Wasan kwaikwayon na musamman kuma da ganowa shirin farko ne na jagoran jaruman, jinjina.	positive
Wani lokacin kamar barkwancin Shakespeare, cike da matu∆ôar ban mamaki, za…ìin 'yan wasa na tunani da bayar da basirar mugunta cikin yanda ake gyara asali daga rayuwar birni da ha…óuwan al'adan ba∆ôi. 	positive
Yan Najeriya a Brooklyn. . . . Wannan shiri ne na ban mamaki, mai zargi, na tunani, da kyau.	positive
Temi Otedola tayi aikin ban mamaki!	positive
Na gode da misali mai kyau na yaya YAKE aiki a rayuwar mu: Wannan shiri na ban haushi ne, mai tunatar damu yanda YAKE AIKI ta rashin kyau, mutane masu tuba wanda kawai an ∆ôira su ne don su mai biyayya. Shi yake yin sauran. Yayi imanin ∆ôarasa abinda ya fara. Wani irin shiri mai yaba ma Ubangiji, mai nuna yin mai kyau da …óaukaka da ∆ôarfi. Nagode.	positive
Stroyline yayi kyau. . . . Ru…óanin fulotin komai ne. Mai cike da zargi. ∆äaukan hankali da ban sha'awa. Ya ta…ìo abu dayawa a kan amfanin tattaunawa a cikin ala∆ôa. Zan kalle shi akai akai kuma.	positive
Ina son wannan shirin! Na kalle shi lokuta dayawa. Ina fata ana kan aikin wani	positive
Hansha∆ôin Najeriya na zamani. . . . . . Nollywood da gaske tana da baiwan siyasa/addini/al'ada a nan don wa…óanda suka bu∆ôaci fa…óa…óa ra'ayin su na meyasa na manyan matsalolin duniya & a cikin wannan yanayin ∆ôaramar al'umma a cikin Najeriya - r wanda ake samu sosai yau.. . . . Soul yazo wannan gaskiyan da ake gani don samun masaniya & wannan shirin ya isar da dayawan su‚ù§Ô∏è	positive
Da…óin kallo musamman idan kana fahimtar yaren Igbo... Amma gaba …óaya shiri ne mai kyau da ban sha'awa..	positive
Wannan shiri yayi kamar wani mish mash na ra'ayi mai ∆ôarancin bun∆ôasa tareda soyayyar rashin zuciya da aka jefa ciki. Bai tabbatar ko yana son zama na ban dariya ne ko sha∆ôiyanci.	positive
Genevieve Nnaji ta kuma ∆ôara tabbatarwa a yayin da har yanzu itace mafi kyawun jaruma ta Nollywood ta ko wani lokaci da sabon bada umarnin ta. Abinda kawai zamu iya cewa shine ∆ôarin cigaba	positive
Shirin da ya kamo fatan ∆ôasa don mafi kyawun sinima. . . . mutum zai iya fata cewa sauran masu shirya shirye-shirye na Najeriya zasu ginu a guri …óaya don gaban shirin Najeriya mafi haske.	positive
Ha∆ôi∆ôa yayi kyau sosai. . . . Wannan ya saka ni alfahari da zama …óan Najeriya. Layin labari a gefe, aiyuka daga ko wani …óan wasa sun kasance na musamman kuma ya ja hankalina sosai.	positive
Neman sautin ki…óa & sharhi. . . . Akwai wani sautin ki…óa a ∆ôarshen shirin. A cikin shirin. Bai ∆ôunshi kalmomi ba, ya …óan fi salon ki…óa. Ina ∆ôo∆ôarin samun sunan shi.. . . . Bayan haka, shiri mai kyau, jinkirta tafiya dagaske. Wasan kwaikwayo yayi kamar na gaske. Babu absurb motsin zuciya ko wani abu kamar haka. Tattaunawan, za…ìa…ì…ìun kalmomi, daidaiton, ala∆ôar.Yayi kamar na gaske kamar kana kallon halin da ake ciki dagaske. Akwai yawan lokutan shiru da abubuwa kamar haka. Haka ko ka so irin wannan shiri, ko baza kayi ba	positive
shirin sci fi …óina na …óaya mafi kyau. . Ina son shirin, ya fa…óa cikin nau'in da nafi so wanda na gamsu da shi, na zuba ido ma Najeriya ta kawo ∆ôari zuwa abin kallo.. . . . Kuma shawara gare mu …óan Najeriya shine mu taimaka ma wannan shirin don ∆ôarfafa musu gwiwa su kawo da samar da ∆ôari shirye-shirye mafi kyau na za…ìin mu don mu kalla.	positive
King of boys na Kemi Adetiba na musamman ne. Daga za…ìen 'yan wasan zuwa layin labari da aka aiwatar da kyau, wannan shirin ba komai ∆ôasa da matu∆ôar kyau. ∆òayata, ru…óanin fulotin, ban dariyan, ba na hasashe ba basu ha…óu ba. 	positive
Cikakke. . . . Dan Allah wani ya taimaka min da neman kuskure a wannan shirin saboda na kalle shi sau hu…óu kuma har yanzu ban iya samun …óaya ba. Komai game da wannan shirin cikakke ne. Shirin mai inganci ne.	positive
Shirin labarin gaskiya ne kuma ha∆ôi∆ôa na haza∆ôa ne kuma mai tafiya.	positive
Shirin dogon zango na Najeriya mai ∆ôayatarwa. . . . irin wannan shirin dogon zango na Najeriya mai ∆ôayatarwa na kallo ba tare da saka sauti marar da…ói har ∆ôashen shirin. Dukda haka. Ban so cewa Netflix kawai ta …óauki Zango na 1, ya saka ni ∆ôunci kuma ba'a samu zango na 2 ba.	positive
Idan da shi abinci ne zan ce mai tsinka yawu. . . . citation shirin tilas ne, Ban ga inda dacewan zai ta…ìa ∆ôarewa ba. An …óauki jaruman a tsanake kuma sun nuna irin wannan ∆ôwarewa, guraren …óaukan na ban mamaki ne ban ta…ìa sabo akwai jami'o'i masu kyau a Senegal ba , fasaha da ∆ôage-∆ôagen shuwagabannin mu na Afirka da aka fitar daga asalin Afirka.. . . .  Sa∆ôon da wannan shirin yake …óauke da shi, yanda aka fa…óe shi na musamman ne sosai, na ∆ôarfin basira da fasaha. Zargin yana kan wani mataki, gaurayewan motsin zuciya da aka ∆ôir∆ôirar mana masu kallo wani abu ne daban.. . . . Citation na kallo dole ne je ka kalla a NETFLIX	positive
Shiri mai matu∆ôar kyau. . . . Wannan ya kasance babban shiri. Layin labari mai sau∆ôi da ya samar da hangen cikin shekarun baya zuwa maza biyu (da wanda ba'a sani ba dayawa).. sai matsalolin da suka zagaye ha…óuwan su a matsayin manyan maza.. . . . Da kyau! Yayi daban sosai daga wanda na ta…ìa guri.	positive
Na so shi. . . ... shiri mai kyau ... Ina son 'yan Nageriya na. Shima layin labari mai kyau . Da kyau	positive
Mai kyau, mai kyau, fushi kuma tilas.	positive
My Village People ya isar da tasiri na musamman mai ban mamaki, Kuma basu fi kowa ba. ∆äaya daga cikin tasirin musamman da na fi so shine ruwan sama. Ma'aikatan na'ura sun cancanci yabo na musamman don basirar su a wannan shirin	positive
Na tarihi, mai ∆ôayatarwa, ilimantarwa kuma mai kyau	positive
Wannan shine shirin Najeriya da nafi so. Sabon fasali mai ban sha'awa da gaske.	positive
Na matu∆ôar yaba kallon shiri mai sha∆ôuwar ban tausayi tsakanin 'yan uwa mata wanda suke a ha…óe a hanyoyi dayawa, amma sun rabu ta hanyar soyayya da ra'ayin siyasa. Jaruman shirin sunyi da kyau kuma ko wani …óan wasa an bashi rawar da ta dace dashi. 	positive
Na ilimi amma shiri …ìoyayye & janyo ba∆ôin ciki da aka ∆ôago shi da ∆ôwarewa. Babban shiri ne da aka yi aiki da kyau da bada umarni an ∆ôage shi da ∆ôwarewa yayin da ya zama na ilimi zuwa wani mataki amma ya kasance masaniya mai cikkaken shigarwa.. . . . Binciko tsere, da al'adar ∆ôungiya , a England yana da wahala a yarda da wa'ennan abubuwan da sanin cewa anyi akan labarin gaskiya ya saka shi wahalar ha…óiyan ko ∆ôwaya. Ta yuwu gurare ka…óan na lasisin wasan kwaikwayo ne amma duk da haka ya zo daga wani guri na gaskiya.. . . . Akwai gurare dayawa a cikin shirin inda zan tambaya me yasa? me yasa zaka yi haka ! Aa'aa !. . . . Ba na rago bane kuma ya kan …óan wasa da hankalin ka irin shiri ne wanda zai bar ka da tambayoyi dayawa. . . . mai nisha…óantarwa amma dukda haka bada haushi da jan hankali Aikin fasaha na Mafi ingantattun shirye-shirye da na ta…ìa gani a cikin shekaru ra'ayi mai sha∆ôatarwa Tabbas ya cancanci kallo	positive
Yayi kyau, gaba …óaya shirin game da Soyayya, Imani, Iyali da son zuciya na duniya....... ya …óanyi rashin inganci amma na ji da…óin shi. Na fa…óa soyayya da Mawuli Gavor kuma zan ∆ôara kallon shi kawai don na gan shi..	positive
Shiri mai kyau dake nuna lamuran tarihi a masarautar Benin. . . . Shirin ya kasance na ilimi da ban sha'awa don kallo. Har yanzu ina cikin ka…óuwa an yishi a 2014. Wasan kwaikwayon da bada umarnin sun yi matu∆ôar kyau. . Jinjina ga jerin 'yan wasa da ma'aikata.	positive
Babbar manufa. . . . Layin labari na fasaha tare da jarumai masu baiwa. Ya …óan wuce gona da iri da wasu tuno bayan amma duk da haka ya bada sha'awa har zuwa ∆ôarshe.	positive
yayi kyau sosai. . . . Wannan yayi da…ói sosai. wanna shirin yayi da…ói kuma na ji da…óinshi tun daga farko.Ban sami matsaloli a tattare dashi ba. ta yiwu gabatarwan yayi tsohon yayi, amman hakan …óan…óano ne. wannan shirin bashida nauyi amman yayi ma'ana. ina bada shawara sosai.	positive
KOB ne lamba 1 a shirin Nollywood a gurina yanzu. Labarin dabanne kuma ingantacce. Ya bu…óe abinda ke faruwa a cikin siyasa dagaske.	positive
Wannan shiri yayi kyau sosai. Zan bada shawarar shi ma kowa.	positive
Inason wannan shirin. . Zan dinga jin da…óin kallonshi a shekaru dayawa da zasu zo kuma	positive
Ina son wannan shiri.	positive
SHIRI MAI KYAU TAREDA MATSALOLI KA∆äAN	positive
Shiri mai kyau dake nuna al'adun Najeriya. Labarin fitaccene kuma wanda baza'a iya hasashe ba ba kamar	positive
Na dole a gani, labari mai ban sha'awa sosai da kuma ∆ôwarewar kwaikwayo, babbar ha…óaka na 'yan wasan Hollywood da Nollywood. Naji da…óinshi sosai.	positive
Sabon POV. . Ita ba irin sinima …óin da muka saba da ita bace a yammacin rabin duniya, amman ∆ôarin bayanin shirin ba labarin ne kawai da za'a bun∆ôasa ba, amman kuma launi da al'adar yankin da yake faruwa. 	positive
Citation yana aiki sosai idan yana shawagi cikin …ìata shakku da aka jefa ma jarumai ∆ôanana da takeyin ta∆ôaddamar ta,kuma bai bayyana ko haryar yin zaiyi aiki a alfarmar ta har sai ∆ôarshe, aikin tsoratarwa.	positive
A cikin shirin da yayi kamar zai zama …óan ∆ôaramin shiri mai dogon zango, mun bi 'yar ala∆ôa, data girma zuwa ahali, sama da shekaru 20 a Najeriya.	positive
Daga ∆ôarshe, abu mai kyau. . . Dun∆ôulallan mashigi daga bargan Ayo Makunwanda ya ha…óa  shirin ban dariya na gaske tareda soyayya a zuciya. Na kallo dole ma duka 'yan Najeriya.  	positive
Shirin Najeriya mafi kyau da na ta…ìa gani. . Wannan shiri yanada ban mamaki! Anyi ∆ôir∆ôirarshi dakyau kuma baza'a iya hasashenshi ba. Inason yanda kan labarin ya zama na yanzu kuma ya danganci abinda ke faruwa a Najeriya a wannan lokacin. Yanayin wasan yayi sosai - Sola Sobowale shahararre ne.	positive
Wannan aiki ne mai kyan gaske: sabo,sanya damuwa, da kuma nuna tausayi sosai.	positive
shiri mai dogon zango mai kyau. . An burgeni sosai da wannan shiri mai dogon zango. Yana burgewa da nisha…óantarwa.	positive
Inason wannan shiri. . . . Wannan shiri shiri ne mai kyau sosai kuma ina fata har yanzu zai cigaba kuma dan Allah yaushe za'a saki zango na uku da hu…óu .	positive
Wannan shine gaskiyan zama …óa na farko mai laifi a gidajen Afrika masu wadata.. . Wannan shiri shine gaskiyan gwagwarmayar zama mace a cikin	positive
Labari mai ban mamaki. . . . Shirin yana …óauke da darrusan …óabi'a dayawa. Babban matsayin fassara wanda Zainab Balogun tayi. Idan ka …ìata a hanyarka, wannan shiri shine abinda kake bu∆ôata don canja hanyarka zuwa Allah.	positive
Shiri mai ban haushi da	positive
A fasahance, sautin yayi sosai, kuma kusurwoyi da dabarun kamarar na daban ne da kuma ban sha'awa. Guraren fa…óan an tsara su da kyau.	positive
Shirin Nigeria mafi kyau da aka gani a lokaci mai tsayi. .	positive
Labari mai saka damuwa amman mai saka ji…ìinta. . . . Wannan labarin damuwa ne sosai. Na ji ba∆ôin ciki ma Enitam, Mai yiwuwa bazan iya kwatanta halin da ya shiga a cikin yarintarshi ba. Canjin shi na ban mamaki. A cikin ∆ôarshen an bayyana waye Enitan, kuma nayi mamakin bayyanar. Ya kawo shirin zuwa wani mataki na 	positive
Shiri mai ban al'ajabi, babban rendention da kuma layin labari mai kyau.	positive
Romper Stomper tareda ru…óani da kuma wasan kwaikwayo mai ∆ôawa. . . . Mafi kyawun shirin al'ada na kai tan∆ôwal  da akayi cikin shekaru...idan kana son shiri kamar Romper Stomper, wannan Ingila ce, lemun aikin agogo...zaka iya son wannan kuma idan kanason wasan kwaikwayo da akayi dakyau.... jarumai shirin farko da aka samar kuma daga kuma ∆ôwarewa ta.... aiki tayi kyau abokina.... Na so shi.... abin haushin shine mutane sun raina wannan aiki mai kyau a fasahance daga ra'ayin mutum, daga rookie …óin yin shirye-shirye... ku more mutane.	positive
Babban shiri matu∆ôa ma mata (da maza ma). . A cikin duniya inda ake tursasa mata da su fi yanda suke, kuma suyi rayuwar da take sama da iyawarsu, wannan shiri ya samar da babban kayan aiki na ilimin ku…óidon jagoran su zuwa ∆ôungiya masu hankali da ku…óa…óensu da amfanin jinkirin gamsuwa. Yauwa, kuma yana nisha…óantarwa ma! wasan kwaikwayo mai matu∆ôar kyau!. . . .  Bansan menene da samar da sauti ba amman, kamar wa∆ôa iri …óaya aka ta maimaitawa a kowani episode. 	positive
Amfani da karin magana, habaici, da wasa a kalmomi, yana sama da abin tunawa masu yawa masu layi …óaya da rawaitowa da zai zaina a kan harsuna ana lokaci mai tsayi. Zamu rawaito layukan da tuno da…óin kallon shiri mai dogon zangon. 	positive
Yayi kyau ma na farko.. . madaidaicin mi∆ôa∆ô∆ôen fuloti da bai isar da komi sabo ba, na ajiya sabida shirin Najeriya na farko mai taken Kirsimeti. 	positive
Shiri mai kyau sosai mai darasi mai kyau!. . . . Wannan shirin akan zuwan shekarun shirin bandariya/ wasan kwaikwayo akan ∆ôaramin yaro da yakeson gyara abubuwa da hannunshi maimakon zama a bayan cubicle. A cikin faffa…óan hankali, Ina tunanin wannan kawai bikin yanda akeyin abubuwa a Afirka, da yanda yara suke koyon tawali'u. 	positive
Ambato ya isar akan bamu wakilcin nazari a kimiyyance na meke faruwa a duniyar gaske zuwa babban kashi na matasa, musamman …óalibai,da kuma musamman wa'enda suke jinsin mata.	positive
Hauka, Abin so,mai kyau. . . . Jarumar Najeriya da nafi so Adesua Etomi- wellington ta kawo ni zuwa wannan shiri mai dogon zango kuma ba'a bani kunya ba, ya kasance abin ban mamaki sosai na ganin kwaikwayo mai kyau, rubutu mai matu∆ôar kyau a kan ganin ta, duka manyan 'yan wasan	positive
Abin tausayi, saboda da wannan zai iya zama mai ban sha'awa sosai. Amman a yanda yake, kawai cikakken awan rashin ∆ôwarewa ne.	positive
Ya ha…óu!!!!. . . . Naji da…óinshi. abin yayi ∆ôwazo zuwanshi daga bargan shirye-shiryen Hollywood. Ba'a …ìata lokaci ba.	positive
Abin mamaki!! Ina alfahari da wannan samarwa na Nollywood!!	positive
Shiri mai ban mamaki. . . . Kyakkyawan shiri, an fa…óa & nuna dakyau. Komai daga guraren zuwa kwalliya, jerin 'yan wasa, kayayyaki, har yare & nuna al'ada ya kasance mai burgewa a sau∆ôa∆ôe.Da kyau Kunle Afolayan	positive
Na bada shawararshi matu∆ôa! 'Gold Statue' shine inganci mai muhimmanci. Ya bada al∆ôawarin tsaunin da…ói. Kuma tareda wannan tsaunin, sai zuwan rafin inganci da aman dutse na cikakken yin wasan kwaikwayo. Wannan shiri ya cancanci ko wani penny da zaka kashe da sauransu.	positive
Hannu ∆ôasa shirin Najeriya mafi kyau da na ta…ìa gani..	positive
Yayi kyau amman ya …óanyi mai∆ôo. . Ina son sar∆ôa∆ôiyar kisan kai daga Najeriya. . . Fulotin yanada kauri kuma ana iya karantawa …ìangaren hanya zuwa ciki amma ya isa ciki da nisa don ajiye abinda nakeso.	positive
Abin ban sha'awa. . . . Wannan shiri ya bada sha'awadaga farawa zuwa ∆ôarshe. Kwaikwayon ya kai matakin na duniya.	positive
Abinda ake nufi da zama …óan Najeriya.. . . Da kyau Genevieve Nnaji: shiri dan kowa ya gani.	positive
Matsala …óaya ce kawai.	positive
Lionheart dun∆ôulallen shiri ne da yake nuna tasirin yin jima'a a gurin aiki a Najeriya.Ya kasance na kai tsaye, ana iya hasashenshi sosai da kuma an bada umarnin da …óan rauni na Genevieve Nnaji. Amma a gefen sa…ìanin abubuwa, yin aikinta yayi muni, kuma ta …óaukaka duka 'yan cikin wasan da gaba …óaya kayan cikin nasara. Shirin na magana gama gari ne, amma mai ban sha'awa. Da zai zama cikakken mai yiwuwar yin nasara da aka tantance na Academy ba daban an cireshi don sakarci ba saboda anyi shirin da Yaren English.	positive
Abin birgewa!!!!. . . . Wannan yana …óaya daga cikin shiri mafi kyau dana ta…ìa gani! INASON shi!!!!!	positive
Masaniyar shiri mai ban mamaki! Layin labari mai matu∆ôar muhimmanci.. . Zargin zai ajiyeka akan yatsun ∆ôafafun ka, kuma sassaucin nisha…óantuwa zai saka ka ∆ôyal∆ôyale dariya. Tabbas yana da muhimmanci.	positive
Cigaba mai kyau amman sake zai iya zama mafi kyawu don gina labari mai kyau. . . . Dole na ce na jinjina ma daraktan da wasan kwaikwayon shi ma(Ramsey  Noah).	positive
100% akan batun. yayi daidai sosai kuma anyi wasan dakyau. kowa ya bada sha'awa. Yasa mutum alfahari da Najeriya üëèüëçüòò	positive
Yayi kyau don ganin Sam Dede a allon kallon mu kuma,kuma don gani har yanzu shi ∆ôwararre ne a sana'ar shi, yana bamu aikin stellar. Inda akwai akwai Stella Damasus, zaka iya tabbatarwan ganin wasu hawaye na gaske, da gurare masu motsa zuciya, kuma tayi kamar marar shekaru.	positive
Cikakke. . . . Wannan shirin kallo dole!. Bazan iya ∆ôara cewa komai ba. Kalmomi sun yimun ∆ôaranci.	positive
Mai ban sha'awa yanda 'yan cikin wasan suke a bu…óe don magana akan ala∆ôan su kuma da kame kai daga fushi lokacin yin yanayin motsin zuciya.	positive
Ya kasance mai …óan ban sha'awa don ha∆ôi∆ôanin gano yanda wa∆ôo∆ôin yabo na Amazing Grace suka kasance ha∆ôi∆ôa a rubuce.	positive
"Wannan shiri yayi matu∆ôar ta…ìamin zuciya dangane da "" ALHERI MAI BAN MAMAKI""! na Allah. NA KALLO DOLE!!!"	positive
Ba kawai da fulotin ya gaza janyo hankalin mai kallo, amma wasan kwaikwayo shine mafi muni, mafi rashin gamsarwa har abada.	negative
Wannan shirin yayi tsayi da rashin ban sha'awa. Ko sautin ciki yayi …óumi. Kuma babu abinda za'a iya don taimakar shirin.	negative
Hanya mai kyau wanda gaba …óaya zai lalata maka rana	negative
rashin kwanciyar hankali	negative
Batutuwan cikin Swallow zai saka kowa kuka-- talauci, neman yin lalata, kasuwancin ∆ôwaya,rashawa mai tsari -- amma shirin da 'yan wasan babu ma'ana kuma babu motsin zuciya.	negative
Dukda babban aikin yayi sabo na ban sha'awa duhu na rashin sulhu na Farming ya janye labarin ban sha'awa, ya saka shi zama kallon wahala da bai kamata ya zama ba. 	negative
Rashin daidaito na labari da yarda da shirme sun girgiza mutane dayawa da za'a iya taimakawa	negative
Babu mutum …óaya da baya zakin wannan da muka fito waje. Ko ma'aikatan sinima …óin da basu biya ba, tsaki suke tayi. Marar kyau	negative
∆òarfi na daidai da gaza gamsarwa, Farming tsurar tunatarwa ne na tsayi mai ha…óari da ∆ôyamatar kai zai iya kaiwa ga.	negative
Mummunar hanya ta fara shekarar,'Akpe' shirme ne.	negative
Ba lallai ka tsani kanka don ka kalla 'SuperStar' ba amma zaka tafi kana jin numfasawa da koma baya.	negative
Tabbas zai zama rashin adalci ga dukkan jerin 'yan wasa da ma'aikata idan na bar wannan a waje. Rashin adalci gaba …óaya!	negative
Kamar wasu aiyuka kamar shi, Anyi 'Knock Out Blessing' musamman don amfanin bafa sa∆ôon girman kai ga masu shiryawan shi maimakon gamsar da masu kallon shi na Najeriya.	negative
Rubutun labari mai …óan rashin ma'ana na Akinnuoye-Agbaje bai ta…ìa gano waye Eni ba	negative
Anyi mintuna hamsin ana tallata gurin sha∆ôatawa na hutu a Legas, Shiri ya rufe. Ku…ói ya ∆ôare. Ban bada shawarar shi ba	negative
Irin wannan ban kunya; 'The Island' …ìata fasaha ne na ban mamaki.	negative
Idan nace muku, cewa wannan shiri yayi matu∆ôar kyau, zan fa…ói ∆ôarya ne.	negative
"Makarar shi a gefe, asalin matsala da ""Funke"" shine cewa yana gundira kuma ba mai burgewa bane. "	negative
Ban bada shawarar shi ba! bai yi kyau ba kuma mummunan gama gari,	negative
Babu shakka, wannan bayarwa ne na shirme da bai kamata a kawo sinima ba.	negative
Shiryawa yayi, sama da madaidaici. Launi ya fito. Kuma wasan kwaikwayon ba abin tsoro bane. Matsalar shine cikakken rashin ∆ôarfin ∆ôwa∆ôwalwa a cikin labarin da bada labarin. Misali na sauri zai isa:	negative
Yawan laifuka wannan shekara 6 an du∆ôufa a saman hanyar shirin sun zama dayawa don ∆ôirgawa	negative
Wanda ya dace da 'yan shekara 14. . Anyi kamar shirin Disney mai tsafta. ∆äingishi da da∆ôi∆ôanci.	negative
Akwai wasu ta…ìin abin dariya da lokutan freewheeling ∆ôarfi, amma yayi fa…ói dayawa, tare da wasan kwaikwayo da tsarin bada umarni da suksa …óan yi kamar TV …óin rana.	negative
Madaidaici. . Fulotin yayi gajere kuma wanda za'a iya hasashe.	negative
Amman da rashin sa'a, wa'ennan lokuta masu haskawa kawai sunyi ka…óan dayawa kuma sunyi nesa da gaskata biyan ku…ói dayawa don kallon wannan	negative
bugu da ∆ôari anyi wasan kwaikwayo tsakanin Joseph zuwa matarshi yanda ake tsammani amma na ji kamar wannan yayi yafi kamar na gaske da shiri...	negative
Sakamakon haka, sautin tsaki mai tsayi da gajere yake amsawa lokaci zuwa lokaci daga masu kallo	negative
Babu wanda ya cancanci kallon wannan shirmen shirin	negative
Lamari mai gundira, ba labari mai yawa ba, shirmamman sautin ki…óa	negative
∆ôara ADR marar da…ói, kuma matsakaici zuwa wasan kwaikwayo mai asalin rashin kyau, sai kayi - mugun mafarki.	negative
Bai tafi gaba …óaya ba daidai ba duka a lokaci …óaya, amma kash idan masu shirya shirin basu rasa rukuni kuma suka yi tuntu…ìe da zabura da fa…óa…óa wannan abun har sai shirin Nollywood …óinsu yayi tsayin na Bollywood, ba tare da hikima ba, …óumi ko abun ciki don gaskata shi  	negative
Mummuna kuma ∆ôasa da inganci. Mai gundira da cikakken sakarci!	negative
Shirin farkon siffa mai matsaloli, amma ya nuna babbar yarjejeniya na al∆ôawari	negative
Game da wannan shiri da yayi suna #KOB Bazan iya cewa ko yafi sauran nollywood kyau ko muni ba,	negative
Made in Heaven' shirin sakarci ne. Yayi sakarci sosai, zai baka haushi zuwa lokacin da zaka fara dariya saboda tsabagen takaici. Zaka gaji da kallon shi, nan take zaka tsinci kanka kana jin kamar zaka iya jin da…óin shirmen shirmamman shiri. Shiri mai matu∆ôar rashin ma'ana. Cikakken shirme!	negative
Tafiya cikin jinkiri, wasan kwaikwayo mai kyau kuma ya ∆ôunshi jin da…ói ka…óan amma ∆ôarshen na rashin yafiya ne	negative
. A rashin irin wannan cikakken kai farmaki, ka kuji soka ma lalitar aljihun ka a zuciya da wannan 'Dagger'.. . Tabbas ban bada shawarar shi ba	negative
Lokacin da nace kora zuwa ban dariya yana juya mana gamsuwa zuwa shirme, wannan ne babban misali.	negative
Idan ka kalla Chief Daddy: Tafiya don fasa a sakewar Ranar sabuwar shekarar shi a Netflix kuma nan take na yi tunanin shi ya zama abokin takara na shiri mafi muni na shekarar, ka san cewa laifin ba naka bane; 	negative
Lalaci kuma mai gundira!	negative
Lamari mai gundira, ba labari mai yawa ba, shirmamman sautin ki…óa	negative
Shirin baiyi kyau ba, …óan wuce gona da irin jarumai (mai yuwuwa kambama bada umarni?) amma muhalli yayi kyau.	negative
Inganci ka…óan ma irin wannan kasafi mai yawa	negative
Fuloti mai kyau. Bayan shiryawa mai muni.	negative
Ban bada shawarar shi ba.	negative
Babbab labari, wasan kwaikwayo marar kyau.	negative
Shiri mai cike da taurari da ya saka taurarin suka yi kamar suna aikin wasan makarantar yara	negative
Ban bada shawarar shi ba.	negative
Shirme! Marar kyau! Na abin kunya! Kunya mai haskawa.	negative
Jerin 'yan wasan wannan shirin ya saka ni matu∆ôar bu∆ôatar son shi, amma yayi wahala don jin da…ói a tsakiyan rubutun shirin mai duhu daga Genevieve Nnaji. 	negative
Zama tabbas, …óaya akan mafi munin shirin ban tsoro da aka ta…ìa yi...	negative
Magana a kan wasan kwaikwayon amma, rubutun labarin, abu ne na wajen wannan duniyar	negative
"Dukda an kasa shi da ∆ôarya a matsayin ""Abin tsoro"", 'Bridal Shower'  gaskiya ne a zahiri ba shirin ban tsoro ba. Shiri mai sakarci- Gaba …óaya da tsabagen sakarci!"	negative
Ya kasance gaba …óaya marar ma'ana - Matu∆ôar bu∆ôatan karban ku…ói.	negative
Bada kunya babba	negative
Mai gundira	negative
Mai burgewa amma rashin iya aiki	negative
An lalata da rashin gaskiyan na'ura, ' The Perfect Picture' ya tabbatar da yin nesa da zama cikakke.	negative
Na hasashe mai tafiya a hankali. . Wannan shiri tabbas na ∆ôaramin high circuit.	negative
amma sautin da ki…óa sunyi rashin da…ói da yake lalata duk abu mai kyau	negative
Ban kalla duka wannan shirmen ba. Ko da ∆ôima na biyu, a bayyane na shirmen karkatar da …ìangaranci daga ∆ôasan Afirka da babu masana'antar shiri.	negative
Layin labari mai kyau, aiwatarwa marar kyau	negative
Wasan kwaikwayon yayi muni, an maimaita sautin, layin labarin ya kasance... (idan akwai …óaya da zan bayyana shi a nan).	negative
Fulotin yayi kayu, amma fannin aikin na'urori basu yi wani kyau ba kwata-kwata.	negative
Na tsohon yayi, sarrafa littafi na rashin nutsuwa tare da (nan ba'ayi amfani dashi ba) zurfi	negative
Babu komai mai kyau game da 'That Which Binds Us'. Babu komai kwata-kwata.	negative
Shiry wannan shirin yayi tsamari amman an rasa zuciyar	negative
An mayar da hankali kamar ya ∆ôasa a kan ala∆ôa tsakanin Joseph da Suzy, Shirin ya …óan famintar a kan 13 ga Fabrairu,1976, kisan kai, wanda ya kawo Olusegan Obasanjo kan mulki.	negative
Tsabagen shirme! Wa'ennan mutanen ba da gaske suke ba. Dan Allah, kar ku saka musu da Nairar ku.	negative
wannsn shiri dole ya zama mafi ba∆ôanta rai na ban dariyan soyayya da muka ta…ìa gani.	negative
Mai yuwuwa mafi munin wasan kwaikwayo har abada a cikin shiri wanda ya zama kamar an yi da isasshen ku…ói.	negative
Yayi jinkiri dayawa. Wani irin …ìata lokaci.	negative
Bazan iya yarda Na …óauki awa biyu ina kallon wannan shirin	negative
Da gaske bana son wannan shirin	negative
FULOTIN YAYI KUSAN FANKO.	negative
Tattaunawa mai rauni, guraren ya∆ôi na rashin ∆ôwarewa.	negative
Daga rashin ∆ôwarewan bada umarni, zuwa shirmen labari; wasan kwaikwayo na tambaya zuwa rashin ma'ana; Rubutun labari na rashin tunani zuwa gyara marar kyau..	negative
Wannan shirin mummuna ne.	negative
A gefen daga zama wanda za'a iya hasashe matu∆ôa  da nuna gaba …óaya wasan kwaikwayo na ∆ôasa da madaidaici, An …ìata shi da yin abu na daban na dogon zango na yun∆ôurin subpar a maimaita laifi da ya lalace kafar da aka saba da shi.	negative
Na tsani yanda akayi taken wannan shirin.	negative
Salin alin, 'Efunsetan Aniwura' labarin fallasa ne cikin labari mara amfani da fasaha.	negative
Ina fushi	negative
RASHIN FOSTA MAI FADI DON SHIRYE-SHIRYEN NOLLYWOOD	negative
MATUKAR SHIRME	negative
wannan shirin yayi al∆ôawarin abu dayawa amma ya zama shirme mai ban haushi. Shirme!!	negative
Da gaske sun yi amfani da katin take na smash bro don gabatar da 'yan wasan...	negative
Shirin yayi kamar gaba …óaya marar burgewa da …óaukan lokaci har zuwa ∆ôarshe.	negative
Yayi al∆ôawarin dariya, amman ban dariyan ka…óan ne kuma ya samar da murmush a maimakon dariya daga zuciya da kake tsammani idan kaje sinima don abin dariya.	negative
Abigail bai yi kyau sosai ba, mugun mutumin ya kasance mai …óan mur…óa gashin baki, kuma sun gano cewa bai yi kyau ba ma ba∆ôa∆ôen mutane su koma lokacin baya	negative
Rawar da jagora mace ta taka babban abun kunya ne.	negative
Karshen ne kawai ya kasance …ìangaren jin da…óin wannan gareni. Yayi kyau gare ta.	negative
"∆Åata suna. . Wannan abin kunya ne kuma aiki mai cutarwa marar kyau ga CNA. Wannan ""shiri"" ya bada kunya."	negative
Ha…óarin jirgin ∆ôasa na shiri. mintuna 90s na sauti gyara da wasan kwaikwayo na ban kunya.	negative
na rikice. . Shin haka ne yanda shiri mai kyau yake a Afirka a 2012? Idan haka ne a lokacin ... ya yi kyau!  Dole nayi mamaki (a wancan yanayi) idan yayi …óan dama-dama a 2021?.	negative
. Knock Out Blessing' shiri ne mai tsabagen rashin amfani da bai kamata an yi shi ba, ko a ∆ôalla ba'a sake shi zuwa ga mutane ba. Shirme!	negative
Tsayin da ba'a bu∆ôata. . Gare ni,	negative
na jaruman da basu ∆ôware ba da kuma ba suda al∆ôibla daga Akinropo. Sautin baiyi da…ói ba, ta yuwu daga rashin na'urar …óaukan sauti.	negative
Suga Suga yana da gurare dayawa na juya ido da a ∆ôarshe suka ∆ôare a sulhunta abun ban haushi na tashin hankali mai rauni.	negative
Na fidda rai, sauyin Enitan daga marar al∆ôibla zuwa malami yanzu kuma mawa∆ôi an bangaje shi a cikin sauran mintunan ∆ôarshe bayan duka rashin tsammani.	negative
Shirin Najeriya na na farko. . . . A shekaru dayawa da suka wuce, Na ga rahoto masu …óan yawa suna magana gameda yanda ∆ôasar Najeriya takeda masana'antar shiri na gida mai nasara. Yayin da wannan gaskiyar tabbas ya ja hankalina, Na kasa samun wani shirin Najeriya wanda akwai don ni na kalla har sai da nayi tuntu…ìe akan wannan a Netflix. Gaskiya, Nayi tsammanin wani abu da akayi da …óan rashin ∆ôwarewa, kuma a babban mataki wannan gaskiya ne. Yayinda akwai wasu …óauka da aka ha…óa masu …óan kyau da/ ko bada umarni da ya nuna cewa wani lokacin anyi wasu ∆ôo∆ôari na gaskiya daga masu yin shiri, shirin yanada gazawa dayawa. Cinematogography …óin ba mai burgewa bane, akwai ∆ôaranci sosai a yanayin darajar samarwa, kuma wasan kwaikwayo daga yawancin masu yi akwai rashin ∆ôwarewa. Ha∆ôi∆ôa, Da zan iya yafe wa duka da ya saka babban matsalan shirin bai wanzu ba, cewa kasancewar haka yayi tsayi dayawa (mintuna 121 a tsayi) kuma tafiyan yayi jinkiri dayawa.Wannan labari ne da ake bu∆ôata dagaske a yanke ko a matakin rubutu ko lokacin da ake gyaran …ìangaren bidiyon. Akwai ru…óani zuwa ∆ôarshen da yayi ban sha'awa ka…óan (dukda iko na …óan iya hasashenshi kafin ya bayyana), amma yayi ka…óan dayawa kuma yayi tsayi da zai saka shi cancantan zama har ∆ôarshen labarin da yayi tsayi dayawa kuma jinkiri dayawa. Har yanzu, Idan ka ta…ìa ji akan siniman Najeriya kuma kun kasance masu son sani gameda samun masaniya akan samfurin shi. Na fa…óa muku akan …óayan za…ìin inda zaka samu mai yiwuwa.	negative
Da rashin sa'a, baza mu jure bindigan cowboy ba, bindigar sarari, kayan yankawa & …óinkewa, shirya shiri na rashin baiwa mai ban haushi da tsayin da ba'a bu∆ôata ya ha…óa bukukuwan tunatarwa na …óaukan da aka riga aka nuna duka an burge da shirmamman bayyanar da sirri na rashin ilimi da masu girgizarwa da ya kamata su zama wanda suka kasance na zahiri daga farkon.	negative
cikin rashin sa'a, shirin often stately da sluggish tare da wasu lokutan soapy na rana na revelation na motsin zuciya.	negative
Shirin baiyi kyau ba, …óan ka…óan …óin overreaching …ó in jaruman (ta yiwu an zuzuta bada umarni?) amma mahanga yayi kyau.	negative
Once Upon A Night' kuskure ne.	negative
Kamar yanda yake, bakada  tunanin guri da 'yan wasa saboda ya kamata yayi she∆ôi akan abubuwa dayawa don ya dace a ciki duka.	negative
Wannan shirin yayi gundira ma sinima.	negative
marar kyau	negative
Mun ∆ôira shi satan mutane- garkuwa da mutane na 'yan mintuna hamsin, an tursasa mana a wani balaguru na guraren sha∆ôatawa, Ban bada shawarar shi ba.	negative
Wannan zakin bashida yawan kuka. Shin wani ya turo labarin su daya gaza na matu∆ôin Netflix zuwa Najeriya kamar shine mai rasa rigar ∆ôungiyar Super Bowl?	negative
Bada labari na tursasawa da wasan kwaikwayo marar kyau na jin kunya sune nau'in wannan yamutsatstsen mai wayencewa - Zai iya zama wani iri amma; wannan bugun yayi kamar jabun 'Isoken'.	negative
Shiri marar ma'ana. . Wannan shiri wasa ne.	negative
Rashin kyau diabolically. . Wannan shine shiri mafi muni da gaske da na ta…ìa gani a cikin rayuwata!	negative
Jeren aikin bai yi muni ba kuma zuciyar shi a inda ya dace, amma ya …óanyi ciwo don kallo a gurare.	negative
Duk da cinematogography …óin yayi ∆ôwararre, kar ka bari wannan shirin ya …óauki hankalin ka. Annoba ne	negative
Babu farko, babu ∆ôarshe, labari marar kyau, matu∆ôar …ìata lokaci kuma shirme mai tsada. Shiri ya kasance ciwo don kallo. Ban bada shawarar shi ba kwata kwata.	negative
akwai rashin ingancin tauraron su a cikin wannan shirin	negative
Abin dariya	negative
Hukunci: Ban bada shawarar shi ba. ' Charmed' ba mai burgewa ba.	negative
Na ji kunya sosai.. . Wasu lokutan wasan kwaikwayo daga manyan jarumai (sarki da Amina), amma jarumi mai taimako (Maladi), zaiyi wahalan ganewa idan shi na bada dariya ne saboda ya kamata rawar da ya taka ya zama muhimmi.	negative
Shirme! Ban bada shawarar shi ma kowa ba. Ko yara. Shiri mai matu∆ôar ban haushi.	negative
Hannu ∆ôasa …óaya daga cikin mafi munin shirye-shirye da na ta…ìa gani	negative
Sake gyara mafi muni. . Akwai bada umarni mai muni a farkon lokacin tuna baya na Ahanna da ya ga mutum an saka mai wuta.	negative
Shirme. . . . Wani ∆ôarin yankin shirme daga NETFLIX. Kawai !!	negative
An tsananta matsaloli	negative
Na tsame wannan. Ba yanda za'ayi na kalla gaba …óaya abin	negative
zaka yi da nasanin …ìata lokacin ka kana kallon wannan shirin	negative
Muni	negative
Na asali matu∆ôa.	negative
The millions' da muhimmanci satan sari ne na rashin kunya na labarin 'Ocean's film series'; ba'a burge mu ba.	negative
"Gbarada' nau'in Idumota ne ""Shirin Yarbawa"" tare da duka rashin hankalin da yazo da wani yankin Nollywood."	negative
∆äayan Israel mai tsarki!. . Me Genevieve take tunanin ta yi yanzu? Shiri? Wannan rashawa ne a mafi girma. Marubutan ba ∆ôwararru bane.	negative
Mafi munin shiryawa har abada	negative
Shirme kawai	negative
Special Jollof' tukunna wani na ba zato ba tsammani ne daga Nollywood a ∆ôasashen waje. Kuma kamar yanda aka saba; An nuna muhimmancin shi daga shirmamman labari da fiye da yanda ake bu∆ôata na rashin zuciya na aikin wasan kwaikwayo. Babu komi na gani a nan. Gaba …óaya …ìata ku…ói ne da lokaci.	negative
Zan iya fa…óa da ∆ôarfin gwiwa cewa Luna tana …óaukan shirme ya …óan fi labarin ji…ìinta akan chief daddy 2.	negative
 Ban gano nawa ne adadin fa…óuwan jirgi da akwai a Najeriya ba, kuma wannan shirin ya fito kwana biyar	negative
Wannan shirin da za'ayi shi da dama-dama idan an ∆ôara saka ku…ói	negative
Ba tareda sarrafa mafuskanta ba kuma babu daidaituwa, wannan yayi tsayi, aiki tu∆ôuru mai wahala da zai samu yabo da kyau daga abokai da iyalin wa…óanda suke cikin 'yan wasa da ma'aikatan	negative
Bai cancanci lokacinku ba	negative
Tsabagen shirme. . Ba kasafai nake saduda akan shiri ba, Ban iya gama wannan ba, na saduda bayan minti 30. Kar ku …ìata lokacin ku.	negative
a ∆ôarshe ya dusashe shirin da ya kamata ace ya bun∆ôasa, gam da katar sannan shiri mai bayar da tausayi.	negative
Cikin rashin sa'a ya rasa maida hankali don ∆ôarin bayani bai tsaya da misalai da aka ambata a baya.	negative
Jiran cike yake da taurari, amma bai yi haska da haske ba. Ya kasance kamar …óan…óana kofin ruwan inibi ne da bai bun∆ôasa gaba …óaya ba, ta yuwu an yi da …óanyen inbi. 	negative
Wannan shiri yayi kyau.	negative
Wannan shiri ne mai tsananin gundira kuma marar kyau	negative
Nau'i daga rashin hankali, 'The Culprit'  cikakke ne da tsabagen shirme!	negative
Dole na kalle shi don anfanin karatu.	negative
Yayi jinkiri dayawa. Wani irin …ìata lokaci.	negative
Guuundira.	negative
Shirin wani irin abu marar kyau ne ga Nollywood.	negative
Naji sha'awan Nollywood da nake kallon Rattlesnake.	negative
Tare da duka shirmen abin dariyan shi da aka zuzuta da aikin wasan kwaikwayon da yake kai kawo tsakanin kambama wasan kwaikwayo da wasan kwaikwayo marar kyau.	negative
Shiryawan yana ko ina a gurin, kuma yawancin 'yan wasan basuyi cikakken bun∆ôasa ba.	negative
…ìata lokaci da kayan amfani	negative
Zaka tsane shi	negative
Layin labari mai kyau AMMA …ìata awa 2 ne mai muhimmanci	negative
Yi ∆ôo∆ôari da duk wuyan da zasu yi, 'Your Excellency' ya tabbatar da rashin ∆ôarfi sosai, sun gaza bayarwa a al∆ôawarin kamfe …óinshi.	negative
Absolute shara. . Bai cancanci ko …óauka ba. Jaruman sunyi rauni, labarin …óan shekara 12 ne ya rubuta. Ingancin sauti baiyi ba.	negative
Daukan wasan kwaikwayo, hanyar soap-opera ta cikin ya∆ôin basasan Najeriya na shekarun 1960 ya zamanto kuskuren kewayawa daga wanda wannan gagarumin za…ìi na shiryawa bazai ta…ìa dawowa yanda yake ba gaba …óaya.  	negative
Dukda haka,wannan ya kasa zama komi banda gundura. Bashida gudanar ma'ana	negative
kwaikwayon yayi matu∆ôar rashin kyau, amman dukda haka shirin mai nisha…óantarwa ne. 	negative
Wannan a'a ne,No! Aiki marar kyau dagaske daga manyan jerin 'yan wasa	negative
Mai nisha…óantarwa dukda yanada aibi.	negative
Wannan shiri yayi kamar mish mash …óin ra'ayi wanda bai bun∆ôasa ba da soyayyar rashin zuciya da aka tura ciki.	negative
Rubutun shirin bazai iya wucewa don samarwar rashin ∆ôwarewan	negative
Banason wannan shirin sosai	negative
Kwaikwayon yayi matu∆ôar rashin kyau kuma rubutun ma yafi rashin kyau.	negative
Wasan kwaikwayon yana a mafi kyau wooden, tattaunawan kusan bashida tsari, kamar jaruman a koda yaushe sun kasance suna hanzari da abinda zasu fa…óa.	negative
Komai game da wannan shirin yana maganar ∆ôan∆ôanin kasafin ku…ói.	negative
Tona don sace lokacin ka.	negative
wannan matsala	negative
A faffa…óan yanayin shirin ban dariyan Nollywood ne kawai zakaji gamsuwa na gaskiya.	negative
Abin birgewa' ba birgewa bane. Babu yaya!	negative
Marar kyau. . wasan yata ci gaba kamar bazai je ko ina bawasu lokutan.	negative
Tabbacin cewa na sauti ne yasa shi matsanancin muni.	negative
Furta almara. wasan yayi muni kuma labarin ba abin yarda bane.	negative
LMAO	negative
bada kunya mai zafi. 'Levi' wasan kwaikwayo ne marar manufa.	negative
"Shirin na musamman ne na rashin tausayin kai na shi, amman ya sa masaniyan ""Farming"" na rashin mutunci ma 'yan kallon ma."	negative
Na gamsu cewa zaiyi dama dama kamar na minti 10 zuwa 30 gajeren shiri don yanke hukunci akan mutane.	negative
wasan kwaikwayo marar manufa.	negative
Niyya mai kyau amman yun∆ôurin rashi ∆ôwarewa don motsa mai kallo.	negative
Yi tunanin ∆ôo∆ôarin dafa indomie babu kayan ∆ôamshi. .  wannan shiri bashida kyau sosai da minti biyar zuwa ∆ôarshe zaka ta mamakin menene yake faruwa.	negative
Labarin shirin shirme ne.	negative
Sun kawai ha…óa wasanni dayawa tare, memes da bidiyon shirin ban dariya ka…óan da aka sani da sukayi suna shafukan sada zumunci na Najeriya, ∆òirashi da shirin kuma suka kawo shi sinima. Idan kai babba ne a shafukan sada zumunci, da zaka ga dayawan su, lokuta dayawa a baya. Kuma ba lallai ka same su da ban dariya sosai ba a nan a matsayin masu samarwa har sun fa…ói don ∆ôwarewa a satar fasaha, barin 'Shafukan sada zumunci 101' aka lalata da wasan kwaikwayon mai mafi ∆ôarancin yanayi, tattaunawa mai gundura sosai da musamman hasken guraren mai muni. Wannan gaba …óaya shirme ne.	negative
"Wannan shiri mummuna ne."" mummuna"" dole ta zama kalmar."	negative
Wani shirin Najeriya mai ∆ôaurin suna sosai amman matu∆ôar fanko.. . Bazan bada shawarar shi ma kowa ba.	negative
Baiyi rashin kyau sosai ba- amman rubutun da bada umarnin sun sha wahala gaba…óaya.	negative
Bu…óewan shirin yanada ban tsoro. Babu labarin baya na fitowar laila.	negative
Bada labari a talauce... kuma ∆ôaton sake rubutun tarihi don labarin shirin.	negative
jinkirta. rashin amfani. kuma rashin hankali.	negative
Ba babban shiri ba.	negative
Wannan shirin yayi muni.	negative
Ya bada labari mataki-mataki wani zai iya rantsewa an rubuta da sauri daga …óalibin firamare don gabatarwan wasan kwaikwayon al'ada na waccan shekarar.	negative
Idan kana darajta lokacinka, kayi aiki tu∆ôuru don tserema wannan a kan ∆ôari.	negative
Shiri zai iya zama marar kyau, amman mai amfani?	negative
idan da ni shiri ne prof yana ∆ôo∆ôarin tafiya da wahalar da …óalibaina, Gaskiya bazan ta…ìa tunanin dacewa mafi kyau na tacewa da ake bu∆ôata. 	negative
Tsayin yayi yawa, kwaikwayo marar kyau, yawan rashin dacewa.	negative
. Tilasta bada labari kuma kwaikwayo mai ban kunya ne alamomin wannan yamutsatstsen mai wayencewa.	negative
ya za'ayi shiri mai wannan batu zaiyi sama yanda yake a hankali da kuma gundira?	negative
wannan labari ne da yakeda yiwuwar yin nasara don tsananin yabo, amman gudanarwan a talauce kuma yasaka sau∆ôin mantawa dashi. 	negative
Wannan shirin yanada ∆ôarancin kwarjini kan  ' Third Eye' mai dogon zango daga alif …óari tarada Pa Olu Jacobs. Nisanta daga wannan.	negative
nollywood suna cigaba da bamu kunya.	negative
Survival of jelili' nuni dalla-dalla ne na shirme da ciwon ido na aiki marar kyau.	negative
A ∆ôarshen asalin shirin Chief Daddy, gabatarwan sabon …óan wasa a gurin ∆ôarshe ya nuna alamun a cigaba, amman Chief Daddy 2 ya …óauki tsinuwa na biyu zuwa sabon mataki na ∆ôaranci 	negative
Bai kamata ya ∆ôare a gurin ba..  marubuci marar ∆ôwarewa.	negative
Labarin gaba …óaya baiyi kamar na gaskiya ba kuma yana ko ina a gurin.	negative
Babban asarar lokaci da ku…ói.	negative
Wannan shiri gurgu ne, ko yara bazasu so shi ba.	negative
