yo_review	sentiment
FÃ­Ã¬mÃ¹ Ã¬gbÃ  dÃ© gba tÃ­ Ã³ Å„ È™á»Ìra sá» Ã¬tÃ n tÃ­ Ã³ Å„ ká»Ìni lá»Ìgbá»Ìn tÃ­ Ã³ sÃ¬ Å„ rÃ¡n wa lÃ©tÃ­ pÃ© nÃ­ NÃ Ã¬jÃ­rÃ­Ã  bÃ­ Ã yÃ­padÃ  á¹£e Å„ dÃ© nÃ¡Ã  ni gbogbo Ç¹kan Å„ dÃ rÃº sÃ­ i.	positive
Ãá¹£e takuntakun Ã ti Ã yáº¹Ì€wÃ² lá» sÃ­ inÃº iá¹£áº¹ yÃ¬Ã­, iá¹£áº¹ takuntakun, Ã mÃ¬ ráº¹ dÃ¡ra yÃ tá»Ì€ bÃ¡kannÃ¡Ã , Ã²tÃ­tá»Ì ati Ã¬gbÃ© kaláº¹Ì€ ráº¹ ya nÃ­ láº¹Ìnu gÃ­dÃ­gÃ¡n	positive
FiÌiÌ€muÌ€ My Village People jeÌ£Ì eÌ€yiÌ tiÌ oÌ jeÌÌ£ peÌ aÌ muÌ eÌ£ soÌ£ eÌ£Ì€koÌÌ£ iÌ€waÌ€ diÌdaÌra reÌ£Ì€ eÌ£ nuÌ€. SÌ£uÌ€gboÌÌ£n oÌ jeÌÌ£ biÌi oluÌ€toÌÌ£pa oÌ€Ì£naÌ€ ni baÌkaÌ€n. LaÌpaÌ€apoÌ€Ì£, Nollywood oÌ€ kiÌ€iÌ sÌ£e aÌ€woÌ£n ipa oniÌ agbaÌra iÌ€biÌleÌ€Ì£ daÌradaÌra. My Village People sÌ£e eÌ yaÌ€toÌ€Ì£ niÌ oÌ£Ì€naÌ€ toÌ daÌra, oÌ siÌ€ yeÌ£ fuÌn iÌ€gboÌriÌyiÌ€n.	positive
KÃ¬Ã­ se pÃ© Ã¬tÃ n yÃ­ jáº¹Ì Ã¨yÃ­ tÃ­ ojÃº kÃ² rÃ­rÃ­ á¹£Ã¹gbÃ³Ì£n á»Ì€nÃ  Ã¬á¹£á»wá»Ì ronÃº tÃ­ NÃ Ã¬jÃ­rÃ­Ã  ni wá»Ìn fi ká» á»Ì. Ã“ pani láº¹ÌrÃ¬n-Ã­n, kÃ² mÃºnÃ¡ dâ€™Ã³ko tÃ³ Ã ti pÃ© Ã¬fá»Ì€rá»Ì€wÃ©rá»Ì€ inÃº ráº¹Ì€ dÃ¡ra jÃ¹ Ã wá»n Ã¨yÃ­ tÃ­ a tÃºn lÃ¨ rÃ­ rÃ  nÃ­ á»jÃ  NÃ Ã¬jÃ­rÃ­Ã .. . Mo gbÃ¡dÃ¹n fÃ­Ã¬mÃ¹ yáº¹n gan-an ni, mÃ¡Ã  rÃ­ I pÃ© mo sá» fÃºn Ã wá»n tÃ¨mi nÃ­ NÃ Ã¬jÃ­rÃ­Ã  kÃ­ wÃ³Ì£n wÃ² Ã³.	positive
Ã€wá»n á»dÃºn 1980,Ã wá»n tÃ­ wÃ³Ì£n Å„ lá» oÃ²gÃ¹n olÃ³rÃ³, Ã wá»n obÃ¬nrin dÃºdÃº tÃ­ wÃ³Ì£n ráº¹wÃ â€¦ Ã¬gbÃ¡dÃ¹n á»Ì€run ni mÃ² Å„ jáº¹ yÃ¬Ã­ o.	positive
ErÃ©- alÃ¡dÃ¹n toÌ niÌ Ã¬rÃ­rÃ­  toÌ siÌ€ Å„ lo lÃ©tÃ²lÃ©tÃ².. .  . . ErÃ©  toÌ dÃ¡ra, toÌ siÌ€ daÌ lÃ³rÃ­i  Ã¬sÌ£Ã¨Ì£lÃ¨Ì£ toÌ Å„ loÌ£ kaÌaÌ€kaÌ€kiri,  Ã¬tÃ n naÌaÌ€ siÌ€  jÃ¡gere, Ã mÃ³Ì£  wÃ³Ì£n o á¹£e kÃ­Ã¡ kÃ­Ã¡ , á¹£e lÃ³ faÌaÌ€ , Ã ti pÃ©  irÃºfÃ©  orin tiÌ woÌÌ£n lÃ² Ã ti bÃ­ woÌ£n ti gbÃ kÃ³kÃ² Ã¨nÃ¬yÃ n kÃ² yeÌ£ fuÌn irÃº erÃ© Ã gbÃ©lÃ©wÃ² bÃ¡yÃ¬Ã­ .. . Ã€mÃ³Ì£  oÌ dÃ¡ra niÌ wÃ­wÃ² fuÌn áº¹ni  toÌ baÌ niÌ Ã kÃ²kÃ² pÃºpÃ² lÃ³Ì£wÃ³Ì£.	positive
AÌ€tuÌnsÌ£e.. . EseÌ fuÌn eÌ€yiÌ. OriÌ miÌ€i wuÌ. SuÌ€gboÌÌ£n kiÌ Nelso Orah sÌ£e apaÌ iÌ€waÌ€ Umar. InuÌ mi aÌ duÌ€n tiÌ aÌ€tuÌnse baÌ waÌ€ niÌ ipa yiÌ€iÌ.	positive
O ká»ja báº¹áº¹, áº¹ Ã³ fáº¹Ì wá» fÃ­Ã¬mÃ¹ yÃ¬Ã­, fÃ­Ã¬mÃ¹ nÃ¡Ã  jáº¹Ì oun tÃ­ e ma gbÃ¡dÃ¹n yÃ tá»Ì€, Nollywood to dÃ¹n gaara	positive
InÃº mi dÃ¹n láº¹ÌyÃ¬n tÃ­ mo wo fÃ­Ã¬mÃ¹ nÃ¡Ã , ohun gbogbo lá» boÌ se yáº¹ kÃ³ loÌ£. Ã wá»n OlÃ¹darÃ­ Ã ti atÃ¹ká»Ì€erÃ© yÃ­ mÃº inÃº mÃ­ dÃ¹n gan. OlÃ¹darÃ­, KÃ©mi AdÃ©tiba á¹£e gudugudu mÃ©je yaÌ€yaÌ€ meÌ£faÌ€, inuÌ mi duÌ€n siÌ i. Mo ti gba Ã wá»n Ã¨Ã¨yÃ n lÃ¡ti wo sinima yÃ¬Ã­. Mo n'ireti lÃ¡ti wo Ã wá»n sinima tÃ­ KÃ©mi adÃ©tiba mÃ¡a tÃºn darÃ­.	positive
Genevieve Nnaji kan áº¹sáº¹ má»láº¹ ninu awá»n.oludari olÃ³yÃ¨. KÃ² jÃ¡ kuláº¹ nÃ­nÃº iá¹£áº¹ Ã ká»ká» ráº¹. ErÃ© lion heart je agbá»dá» wo, bi o se polongo ibi Nollywood kÃ¡Ã kiri Ã gbÃ¡yÃ©.	positive
Nollywood nÌsÌ£e beÌ£beÌ£!!!. .  . . ErÃ© yii sÃ²Ì£rÃ²Ì£ nÃ­pa Ã sÃ , Ã¬bÃ¡sepÃ²Ì£ ati Ã¬dÃ­lÃ©. OrÃ­sirÃ­si, Ã²Ì£pÃ²Ì£lá»pÃ²Ì£ Ã¨Ì£kÃ³Ì£ ninu erÃ© yii tÃ­ nkÃ² lÃ¨ sÃ³Ì£ tÃ¡n.	positive
SinimaÌ tÃ³ dÃ¡ra ni. OÌ fihÃ n áº¹wÃ¹ tÃ³ wÃ  nÃ­nu áº¹láº¹ÌyaÌ€ meÌ€Ì£yÃ  nÃ­ orÃ­lÃ© Ã¨dÃ¨ NÃ Ã¬jÃ­rÃ­Ã  Ã ti bÃ­ Ã³ á¹£áº¹ nÃ­pa tÃ­ o da lÃ³rÃ­ Ã wá»n á»má»	positive
ErÃ© yÃ¬Ã­ dÃ¡ra	positive
"Mo fÃ©Ì£rÃ n erÃ© yi. .  . . Ã“ se mÃ­ nÃ­ kÃ yÃ©fÃ¬ lÃ¡ti ka Ã¬rÃ²yÃ¬n burÃºkÃº lÃ³ri Ã jÃ¡bÃ²Ì£ erÃ© yÃ¬Ã­. á¹£Ã© ati áº¹ má»n erÃ© ti Ã³dÃ¡ra bÃ­?. . ErÃ© yii dÃ¡ra Ã³sÃ¬ lÃ¡rinrin pÃºpÃ²Ì£ pÃ¨Ì£lÃº. Ã€won Ã²sÃ¨rÃ© to pÃ³jÃº Ã²sÃ¹wÃ²n, Ã¬tÃ n to dabi Ã¬sÃ¨Ì£lÃ¨Ì£ tootá». ati kÃºÃ³Ì£lÃ­tÃ¬ rÃ¨Ì£ kamama. EkÃº isÃ©Ì£ takuntakun. Mo fÃ©Ì£rÃ n rÃ¨Ì£ gan ju ""Wedding party"" apÃ¡  kinnÃ­ ati apÃ¡ kejÃ¬ lá». kÃ² jÃ¡ mi kulÃ¨Ì£ rÃ¡rÃ¡"	positive
Mo wo aÌ€koÌÌ£koÌÌ£ iÌ€gbeÌjaÌde reÌ€Ì£ niÌ Houston Texas. .  . . OÌ yeÌ£kiÌ fiÌiÌ€muÌ€ yiÌ€iÌ gba Oscar Award. IÌ€taÌ€n ereÌ naÌaÌ€ daÌra puÌpoÌ€Ì£. Gbogbo aÌ€woÌ£n oÌ€sÌ£eÌ€reÌ reÌ£ loÌ fakoÌ£yoÌ£.	positive
EÌ£nikeÌÌ£ni tiÌ oÌ feÌÌ£raÌ€n aÌ€woÌ€raÌn, tiÌ oÌ wo apaÌ kiÌniÌ yoÌoÌ€ niÌ oÌ€ye iÌ€tan tiÌ woÌÌ£n loÌ€ aÌ€ti ti woÌ£Ìn teÌÌ£leÌ€Ì£ niÌnuÌ aÌ€gbeÌjaÌde ereÌ  naÌaÌ€.	positive
GbiÌgbeÌjaÌde toÌ daÌra.	positive
ErÃ© tÃ³ n sÌ£Ã­ nÃ­ lÃ³jÃº. .  . . ErÃ© yi dÃ¡ra gan o sÃ¬ tÃºn dÃ¡a yÃ tá».Ì€. . Ã€wá»n Ã¨lÃ²mÃ­rÃ n leÌeÌ€ mÃ¡ feran erÃ© naÌaÌ€ bÃ³yÃ¡ torÃ­ wá»n ti mÃ¡ feran erÃ© Ã¨fÃ¨ Ã ti erÃ© áº¹rÃ¹ tÃ bÃ­ ayÃ© páº¹lÃº á»ká» kotii má»Ì wá»n lÃ¡ra. ErÃ© na fihÃ n bi ayÃ© atÃºn á»ká»Ì€ se, á»má» iká»se Ã ti Ã wá»n onÃ­bara. Ã“sÃ¬ tÃºn ká»Ì Ã wá»n Ã²bÃ­ Ã ti Ã wá»n á»má» nÃ­ Ã¨kÃ³. O jÃ©Ì£ erÃ© tÃ­ o mÃ¡a á¹£Ã­ nÃ­ lÃ³jÃº.	positive
ÃŒfi ojÃº táº¹Ìnbáº¹ÌlÃº, Ã¨re nÃ­pa á»Ì€rÃ n tÃ­ Ã³ lÃ¡gbÃ¡ra páº¹Ì€lÃº adÃ¹n Ã¬tÃ n . . ÃˆyÃ­ jáº¹Ì fÃ­Ã¬mÃ¹ á»lá»rá» pÃºpá»Ì€ nÃ­pa Ã¬wÃ  . KÃ² sÃ­ Ã Ã yÃ¨ kan tÃ­ Ã³ pÃ dÃ¡nÃ¹.	positive
ÃŒtÃ¨sÃ­wÃ¡jÃº erÃ© nlÃ¡ nÃ­. OlÃ¹koÌ€tÃ n Ã ti OlÃ¹darÃ­ erÃ© yÃ¬Ã­ nÃ­ á»pá»lá». áº¸sÃ© gan fÃºn erÃ© nlaÌ yÃ¬Ã­.	positive
Mo gbaÌ€duÌn peÌ mo riÌ aÌ€woÌ£n meÌlanÌ€diÌ€ aÌ€ti aÌilaÌ€ndiÌ€ tiÌ woÌ£Ìn loÌ€, eÌ€yiÌ yaÌ€toÌ£Ì€ siÌ aÌ€woÌ£n ereÌ miÌ€iÌraÌ€n. EÌ€koÌ jeÌ£Ì ibi tiÌ oÌ reÌ£waÌ€ laÌti ya fiÌiÌ€muÌ€, paÌ€aÌpaÌ€aÌ tiÌ oÌ baÌ jeÌ£Ì wiÌpeÌ aÌ€woÌ£n eÌ€yaÌ€n alaÌraÌ€mbaÌ€raÌ€ ni woÌn leÌ loÌ€ geÌ£ÌgeÌ£Ì bi asÌ£e riÌ i niÌnuÌ ereÌ yiÌ€iÌ. AÌ€woÌ£n apaÌ iÌ€jaÌ€mÌ€baÌ maÌa nÌ jeÌ£Ì iÌ€daÌ€muÌ€ fuÌn Nollywood laÌti sÌ£e, suÌ€gboÌ£Ìn iÌ€yaÌ€leÌ£Ìnu loÌ jeÌ£Ì peÌ woÌ£Ìn riÌ i sÌ£e niÌbiÌ	positive
EreÌ Itokasi. . FiÌiÌ€muÌ€ to pe. Mo feran gbogbo iseju aaya FiÌiÌ€muÌ€ na, Mi ko fe ko pari mo.	positive
Ãá¹£e OlÃ¹darÃ­ Ã ká»ká» Akinnuoye - Agbaje je itan tÃ­ o  bÃ¡ nÃ­ nÃ­nÃº jáº¹Ì to dÃ¡ lÃ³rÃ­ Ã¬rÃ­rÃ­ OlÃ¹darÃ­ nÃ¡Ã  Ã¨yÃ­ tÃ­ o jáº¹ á»má» ti wá»Ìn 'gbÃ¬n jÃ¡de' ni NÃ Ã¬jÃ­rÃ­Ã  lá» sÃ­ Ã¬lÃº á»ba ni asiko Ã¬gbÃ  kan . WÃ­ wo Ã¬gbÃ  Ã ká»Ìká»Ì fÃ­Ã¬mÃ¹ yÃ¬Ã­ fi ibi ati Ã²á¹£Ã¨rÃ© tÃ­ o á¹£Ã© gbÃ gbá»Ì nÃ­pa wÃ­pÃ© a ti ni Ã¬rÃ­rÃ­ ráº¹Ì€,Ã¬gbÃ  mÃ­rÃ n yÃ­Ã² gbÃ  á»nÃ  ti o ni Ã¬tÃºmá»Ì€ yÃ­Ã² fi ipÃ¡ eni tÃ³ n rÃ¡ntÃ­ Ã¬rÃ­rÃ­ ayÃ© ráº¹Ì€ ti o fi Ã wá»n Ã¬á¹£áº¹Ì€láº¹Ì€ pataki hÃ n. SÃ­ wÃ¡jÃº sÃ­, fÃ­Ã¬mÃ¹ nÃ  kÃ² tá»Ìka sÃ­ ibi tÃ­ o ti á¹£áº¹láº¹, á¹£Ã¹gbá»Ìn Ã¬jÃ kadÃ¬ tÃ­ Ã²á¹£Ã¨rÃ© pÃ tÃ kÃ¬ n jÃ  nÃ­nÃº ráº¹. Páº¹lÃº gbagbo Ã¨yÃ­, Ã²á¹£Ã¨rÃ© pÃ tÃ kÃ¬ fÃ­Ã¬mÃ¹ na ni Ã¬wÃ  ti o fÃ© kÃ­ Ã wá»n olÃ¹wÃ² yÃ­Ã² fe mo bÃ­ o á¹£e dÃ gbÃ  sÃ³kÃ¨ nÃ­nÃº fÃ­Ã¬mÃ¹ nÃ¡Ã . LÃ¡papá»Ì€, Ã¬gbÃ¬n jáº¹ iá¹£áº¹ OlÃ¹darÃ­ Ã ká»Ìká»Ì tÃ­ o ká»jÃº sÃ­ á»Ì€rá»Ì€ Ã¬dÃ¡nimá»Ì€ mÃ©jÃ¬ Ã ti Ã¬kÃ³rÃ¬rÃ¡ áº¹ni nÃ­ á»nÃ  tÃ­ o fi Ã²un pÃºpá» láº¹Ì€laisá» sÃ¹gbá»Ìn o pÃ¨sÃ¨ Ã¬bÃ nÃºjáº¹Ì ati Ã¬kÃ²rÃ² fun Ã¨nÃ¬yÃ n tÃ³ n tiraka fÃºn Ã¬tumÃ² ati Ã¬dÃ¡nimá»Ì€. Ã’un tÃ­ a lÃ¨ nifáº¹ sÃ­ pá» ninu fÃ­Ã¬mÃ¹ yÃ¬Ã­, Ã¨yÃ­ tÃ­ o mÃº Ã¬gbÃ  kan ninu Ã¬tÃ n Ã wá»n alÃ¡wá»Ì€ funfun wÃ¡ sÃ¡yÃ©, pÃ tÃ kÃ¬ kÃ³kÃ³ á»Ì€rá»Ì€ ara eni ye ju Ã¬á¹£áº¹ÌjÃº Ã©jelÃ©niá»gá»Ìrun ti won fi á¹£e.	positive
ErÃ© to yanilenu tÃ­ a gbá»Ìdá»Ì€ wo.	positive
Ipele erÃ© tÃ³ dÃ¡ra. . Mo gbÃ¡dÃ¹n erÃ© yÃ¬Ã­. Gbogbo Ã²á¹£Ã¨rÃ© á¹£e dÃ¡ra dÃ¡ra mo á¹£Ã¬ gbÃ¡dÃ¹n wÃ­wÃ² áº¹. Ã“ wÃ¹ mÃ­ kÃ³ sÃ©sÃ¬n tÃ³ pá»Ì€. Mo Å„ duÌroÌ de sÃ©sÃ¬n tÃ³ kÃ¹.	positive
Iá¹£áº¹Ì á¹£Ã­á¹£e lÃ¡ti inÃº Ã ká»sÃ­láº¹ Ã towá»Ì olÃ¹ká»Ì€tÃ n Darci Picoult, DÃ²sÃ¹nmÃº á¹£e Ã¬tÃ n láº¹Ìá¹£á»Ì€á»Ì lÃ³nÃ  tÃ­ Ã³ bÃ²jÃºmu, erÃ© orÃ­ Ã¬tÃ gÃ© tÃ­ Ã³ á¹£e wáº¹ÌkÃ­ páº¹Ì€lÃº ohÃ¹n orin, Ã³ sá» ojÃº abe Ã á¹£Ã  nÃ­kÇ’ (a lo á»Ì€pá»Ì€ Ã¬gbÃ  lÃ¡ti táº¹jÃº má»Ì Ã wá»n tÃ­ Ã wá»Ì€ ara wá»n á¹£e ráº¹ÌgÃ­, bÃ­ a á¹£e lo á»Ì€pá»Ì€ Ã¬gbÃ  nÃ¡Ã  lÃ¡ti yÃ³fáº¹Ì€áº¹Ì ojÃº Gurira tÃ­ Ã³ Å„ sá» orÃ­sirÃ­si á»Ì€rá»Ì€ lÃ¡Ã¬ lanu), tÃ­ Ã³ sÃ¬ Å„ farajá»ni.	positive
ErÃ© tÃ­ o lÃ¡gbara	positive
KÃ² sÃ­ á»Ì€rá»Ì€ kÃ¡nkÃ¡n tÃ­ Ã³ le jÃºwe irÃº agbÃ¡ra tÃ­ Ã¨re yÃ¬Ã­ ni ati wÃ­pÃ© Ã³ á¹£e Ã¬rÃ¡ntÃ­ oriire tÃ­ Ã³ jÃ© lÃ¡ti lÃ  Ã¬jÃ  abÃ©le ká»jÃ¡. ÃŒtÃ n Ã gbÃ yanu tÃ­ Ã³ sá» nÃ­pa Ã¬tÃ n Ã¬á¹£áº¹Ì€láº¹Ì€ ni burÃºkÃº tÃ­ orÃ­láº¹Ì€-Ã¨dÃ¨ NÃ Ã¬jÃ­rÃ­Ã  Ã ti nÃ­pa Ã wá»n Ã¨nÃ¬yÃ n inÃº ráº¹.	positive
Ã“ dÃ¡ra	positive
oniduro Ã won Ã­gbÃ². . Lionheart se aá¹£ojÃº ohun tÃ­ Ã³ tÃº mÃ²Ì£  si lÃ¡ti jÃ©Ì£ á»má» Ã­gbÃ²- á¹£Ã­á¹£e iá¹£Ã©Ì£ taratara Ã ti Ã¨tÃ² Ã¬gbÃ© ayÃ©	positive
á»ŒÌ€pá»Ì€lá»pá»Ì€ Ã¬á¹£á»wá»Ì á¹£erÃ© tÃ³ máº¹Ìháº¹ Ã ti Ã wá»n Ç¹kan kan tÃ­ kÃ² mÃº á»pá»lá» dÃ¡nÃ­ sÃ­ Ã¨mÃ­ á¹£Ã¹gbÃ³Ì£n ju gbogbo ráº¹Ì€ lá», mo gbÃ¡dÃ¹n ráº¹Ì€ bâ€™Ã³È™e rÃ­. Mo lÃ¨ mÃ¡ tÃºn un wÃ² má»Ì lÃ¡yÃ©, Ã má»Ì Ã³ dÃ¡ra nÃ­ áº¹Ì€áº¹Ì€kan tÃ­ mo wÃ² Ã³ yáº¹n.	positive
NÃ­gbÃ  tÃ­ Ã wá»n Ã kÃ²rÃ­ ráº¹Ì€ jáº¹Ì Ã¬á¹£áº¹Ì€láº¹Ì€ Ã²tÃ­tá»Ì tÃ­ Ã³ dÃ¹n monÃ­, Ã wá»n olÃ¹pilÃ¨sÃ¨ erÃ© nÃ¡Ã  Ã³ kÃ n á¹£e Ã wÃ­tÃºnwÃ­ asÃ¡n Ã wá»n fiÌiÌ€muÌ€ tÃ­ wá»Ìn ti á¹£e sáº¹ÌyÃ¬n. OhÃ¹n wá»n jáº¹Ì tiwá»n. Iriná¹£áº¹Ì Ã¬yafá»ÌtÃ² (camera) nÃ¡Ã  kÃ² dÃºrÃ³ á¹£in nÃ­gbÃ  tÃ­ Ã³ yáº¹ kÃ­ Ã³ mÃ¡a kÃ¡Ã  kiri, á¹£Ã¹gbÃ³Ì£n Ã³ dÃºrÃ³ lÃ³pÃ²lopÃ² Ã¬gbÃ  lÃ¡ti fi Ã yÃ¨ sÃ­láº¹Ì€ fÃºn Ã wá»n Ã²á¹£Ã¨rÃ© kÃ­ wá»Ìn lÃ¨ fi Ã wá»n Ã bÃ¹dÃ¡ wá»n hÃ n kedere gáº¹Ìgáº¹Ì bÃ­ Ã wá»n Ã¬á¹£áº¹Ì€láº¹Ì€ fiÌiÌ€muÌ€ nÃ¡Ã  Å„ dÃ¡n Ã¬rá»ÌjÃº wá»n wÃ².	positive
Ã“ pa ni láº¹ÌrÃ¬Ã­n Ã³ pa ni láº¹ÌrÃ¬Ã­n . .  . . Ã“ ga, fÃ­Ã¬mÃ¹ yÃ­ pa ni láº¹ÌrÃ¬Ã­n gan-an ni. tÃ­ Ã³ bÃ¡ Å„ wÃ¡ fÃ­Ã¬mÃ¹ kan lÃ¡ti gbÃ© Ã¬á¹£e sÃ­ ráº¹ sÃ³kÃ¨ láº¹hinna Ã¨yÃ­ ni fÃ­Ã¬mÃ¹ tÃ­ Ã³ tá»Ì fÃºn á».	positive
FÃ­Ã¬mÃ¹ tÃ³ ga jÃ¹ !!. . ÃˆyÃ­ nÃ­ lÃ¡ti jáº¹Ì fÃ­Ã¬mÃ¹ tÃ­ Ã³ dÃ¡ra jÃ¹ lá» tÃ­ a á¹£e  jÃ¡de nÃ­ NÃ Ã¬jÃ­rÃ­Ã , kÃ­ a tÃ³ máº¹Ìnuba abala Ã rÃ­n tÃ kÃ¬tÃ¬?!	positive
Ã€Wá»ŒN OBÃŒNRIN ILáº¸Ì€ ADÃšLÃWá»ŒÌ€ TÃ Ã“ Ráº¸WÃ€.	positive
Mi oÌ€ moÌ£ iÌ€diÌ tiÌ aÌ€woÌ£n eÌ€eÌ€yaÌ€n fi nÌ fuÌn fiÌiÌ€muÌ€ yiÌ€iÌ niÌ oÌ€sÌ£uÌ€woÌ£Ì€n toÌ keÌreÌ. SÌ£uÌ€gboÌÌ£n tiÌ e oÌ baÌ€aÌ gbaÌ€miÌgboÌÌ£, oÌ ti peÌ tiÌ mo ti wo ereÌ toÌ daÌra toÌ baÌyiÌ€iÌ, tiÌ oÌ siÌ tuÌn daÌra ju ereÌ Bollywood loÌ£.	positive
AÌ€woÌ€raÌn ereÌ yiÌ€iÌ daÌra puÌpoÌ€Ì£. OluÌ€dariÌ naÌa sÌ£e isÌ£eÌÌ£ toÌ daÌra.	positive
Iá¹£áº¹Ì tÃ­ Ã³ tayá» . .  . . ÃŒá¹£e Temi Otedola jáº¹Ì Ã¬yÃ lÃ©Ì£nu gan-an nÃ­ tÃ²Ã³tá»Ì . Mo gbÃ¡dÃ¹n Ã wá»n Ã¬pele tÃ­ Ã¬tÃ n nÃ¡Ã  nÃ­ nÃ­ kÃ­kÃºn Ã ti á»Ì€nÃ  tÃ­ wá»Ìn fi á¹£Ã fihÃ n Ã lÃ yÃ© pÃ tÃ kÃ¬.	positive
Igbese tÃ³ lakaaki lÃ¡ti á¹£e ipepada Ã¬á¹£e Ã ti Ã¬tÃ n wÃ¡.. .  . . Sinima Ã gbÃ©lÃ©wÃ² yÃ¬Ã­ safihan kirakita Ã wá»n Ã¨nÃ¬yÃ n tÃ­ a mÃ¡a Å„ yÃ¬n nÃ¹. Ã“ rá»rÃ¹n lÃ¡ti gbÃ© sÃ­ orÃ­ Ã¬wá»Ì€n Ã má»Ì, nÃ­gbÃ  tÃ­ irÃº Ã¬tÃ n yÃ¬Ã­ bÃ¡ jáº¹yá» ojÃº á»Ì€tá»Ì€á»Ì€tá»Ì€ ni a fi mÃ¡a wo onÃ­kÃ¡lukÃº. Looto, nÃ­ Ã¬gbÃ¨Ì£yÃ¬n, aisedeede fi o hÃ n gáº¹Ìgáº¹Ì bÃ­ alaimokan, yÃ³Ã² si gbÃ© á» gesin aÃ¡yÃ¡n lÃ³rÃ­ ohun tÃ­ Ã³ á¹£áº¹Ì€á¹£áº¹Ì€ á¹£ojÃº ráº¹	positive
Ã“ wÃ  nÃ­ báº¹Ì€!!! ğŸ”¥ğŸ”¥ğŸ”¥. . DÃ¡jÃºdÃ¡jÃº Ã¨re ÃfrÃ­kÃ  tÃ³ gbayÃ¬ nÃ­nÃº á»dÃºn yÃ¬Ã­, mo gbÃ¡dÃ¹n gbogbo Ã¬á¹£Ã©Ì£jÃº tÃ³ wÃ  nÃ­nÃº wÃ¡kÃ tÃ­ mÃ©jÃ¬ Ã ti á»gbá»Ì€n Ã¬á¹£Ã©Ì£jÃº ğŸ˜€ğŸ‘ğŸ‘ğŸ‘ğŸ”¥ğŸ”¥ğŸ”¥ğŸ”¥ğŸ”¥ğŸ”¥âœ”ï¸âœŒï¸	positive
ÃŒtÃ n to sá»wá»n nipa Ã á¹£Ã  Ã¬dÃ­lÃ© lati á»na ti o yÃ tá» ti won sÃ¬ gbejade páº¹lu Ã²á¹£Ã¨rÃ© ti o koju osunwon.	positive
NÃ­parÃ­ erÃ© orÃ­lÃ¨dÃ¨ Nigeria tÃ³ lÃ¡gbÃ¡ra, fÃºn Ã²pÃ²Ì£lopÃ²Ì£ mÃ² Ãºn nÃ­rÃ¨tÃ­ pÃ© orÃ­lÃ¨dÃ¨  Ngeria ma pÃ¨sÃ¨ erÃ© tÃ³ lÃ¡gbÃ¡ra, Ã ti ibÃ¨ ni Ã won arÃ¡kÃ¹nrin Esiri tÃ­ mÃ¡ wolÃ©	positive
Ka mÃ¡ pará»Ì sÌ£isÌ£Ã© erÃ© orÃ­ iÌ€taÌ€geÌ yÃ¬Ã­ dÃ¡ra gan nii. Ã€gbÃ  nÃ­ o sÃ­ jáº¹Ì lÃ¡Ã Ã¡rÃ­n Ã wá»n erÃ© orÃ­ iÌ€taÌ€geÌ.	positive
TipÃ¡tipÃ¡ ni a fi lÃ¨ rÃ­ ojÃº Ã¬á¹£áº¹ÌjÃº mÃ¡rÃ¹n-Ãºn tÃ­ kÃ² pa Ã¨nÃ¬yÃ n láº¹ÌrÃ¬n-Ã­n. N kÃ² rÃ² pÃ© ere Ã gbÃ©lÃ©wÃ² kankan wÃ  nÃ­ NÃ Ã¬jÃ­rÃ­Ã  tÃ³ lÃ¨ borÃ­ fÃ­Ã¬mÃ¹ yÃ¬Ã­. Iá¹£áº¹Ì erÃ© yÃ¬Ã­ kÃºnjÃº Ã²á¹£Ã¹wÃ²Ì£n.	positive
EreÌ Nollywood tiÌ oÌ£Ì€roÌ£Ì€ iÌ€feÌ ti oÌ n panileÌriÌ€n-iÌn. EreÌ yiÌ€iÌ DaÌra toÌ laÌti Fi EÌ€Ì£riÌn siÌni leÌÌ£nu leÌÌ£yiÌ€n oÌ£joÌ tiÌ oÌ buruÌ.	positive
ErÃ© Ã gbÃ©lÃ©wÃ² dÃ¬dÃ¡ra lÃ³rÃ­ jÃ¡kÃ¨jÃ¡dÃ²- orÃ­lÃ¨-Ã¨dÃ¨ . .  . . Oun kan pÃ tÃ³ tiÌ mi Ã²  fÃ©rÃ n nÃ­pa fiÌiÌ€muÌ€ yÃ¬Ã­ ni pÃ© ko si ibÃ¡sepÃ² páº¹lu Ã¡gbÃ¨gbÃ¨ orÃ­lÃ¨-Ã¨dÃ¨ NaÌ€iÌ€jiÌriÌaÌ€ ati india bÃ³ ti  wu Ã³ kÃ©rÃ© má». . .  . . ErÃ© Ã gbÃ©lÃ©wÃ² Ã¬fÃ© tÃ³ lÃ¡rindin lÃ¨ yÃ¬Ã­	positive
ÃŒtÃ n yÃ­ kÃ² jÃ¡ fÃ¡fÃ¡ lÃ¡ti Ã¬báº¹Ì€ráº¹Ì€ á¹£Ã¹gbÃ³Ì£n mÃ¡ jáº¹Ì kÃ­ Ã³ sÃº á». ÃŒtÃ n gidi gbÃ¡Ã  ni.	positive
King of Boys. . EreÌ yiÌ€iÌ daÌra gidi, laÌti iÌ€taÌ€n deÌ aÌ€woÌ£n oÌ€sÌ£eÌ€reÌ, asÌ£o ati iÌ€moÌ€Ì£laÌra tiÌ akoni ereÌ naÌaÌ€. InuÌ mi duÌ€n laÌti jeÌ£Ì oÌ£moÌ£ oriÌleÌ€Ì£ eÌ€deÌ€ naÌ€iÌ€jiÌriÌaÌ€. KuÌ isÌ£eÌ takuntakun KeÌmi AÌ€detiÌ€baÌ€, KuÌ isÌ£eÌ takuntakun SolaÌ SoÌboÌ€waÌleÌ.	positive
AÌ€gbá»Ì£dá»Ì£ riÌ€ fuÌn gbogbo eÌ€niÌ€yaÌ€n. .  . .  Namaste wahala jáº¹Ì£Ì oÌ€Ì£gaÌ niÌnuÌ aÌ€woÌ£n ereÌ, oÌ siÌ€ koÌ oriÌsiÌ€iÌ aÌ€sÌ£aÌ€ papoÌ£Ì€. IÌ€foÌ£woÌÌ£sowoÌÌ£poÌ€Ì£ Nollywood aÌ€ti Bollywood yiÌ€iÌ ni gbgogbo oun tiÌ ereÌ iÌ€feÌÌ£ toÌ baÌ daÌra maÌa niÌ. AÌ€woÌ£n oÌ€sÌ£eÌ€reÌ tiÌ oÌ jeÌ£Ì oÌ£moÌ£ India fakoÌ£yoÌ£, woÌ£Ìn siÌ€ koÌÌ£ ipa woÌ£n daÌradaÌra	positive
OjuÌloÌwoÌ, iÌ€daÌnilaÌrayaÌ aÌ€ti iÌ€moÌ€Ì£laÌra diÌdaÌra.  Mo le fi gbogbo oÌ£joÌÌ£ woÌ€ oÌ. OÌ wuÌ€ miÌ kiÌ woÌ£Ìn gbeÌ e jaÌde siÌi ju eÌ£Ì€kan loÌÌ£seÌ€ loÌ£. YaÌ€toÌ€Ì£ siÌ eÌ€yiÌiniÌ€, oÌ kaÌ€n saÌa daÌra puÌpoÌ€ ni. OÌ€poÌ€ niÌnuÌ aÌ€woÌ£n ereÌ oloÌtiÌ€toÌÌ£oÌÌ£ jeÌÌ£ eÌ€yiÌ tiÌ woÌÌ£n maÌa nÌ koÌ kiÌ woÌÌ£n toÌ sÌ£e eÌ, sÌ£uÌ€gboÌÌ£n, eÌ€yiÌ koÌ£Ì.	positive
MÃ Ã¡ fÃºn ere yÃ¬Ã­ ni áº¹áº¹ÌsÃ n an lÃ³rÃ­ Ã²á¹£Ã¹wá»Ì€n Nollywood nÃ­torÃ­ Ã¬tÃ n ere nÃ¡Ã  jáº¹ Ã rÃ  á»Ì€tá», báº¹Ìáº¹ni Ã gbÃ©jÃ¡de ráº¹Ì€ tÃ³ jáº¹Ì kÃ³ yÃ tá»Ì€ sÃ­ gbogbo Ã wá»n erÃ© Ã gbÃ©lÃ©wÃ² yÃ²Ã³kÃ¹ ni iláº¹Ì€ NÃ Ã¬jÃ­rÃ­Ã  	positive
IÌ€taÌ€n gidi.. . OÌ jeÌÌ£ ereÌ aÌ€ti iÌ€taÌ€n gidi. Mo feÌÌ£raÌ€n reÌ€.	positive
OÌ gbenutaÌn. .  . . EreÌ yiÌ€iÌ woÌ£ akiÌnyeÌ£miÌ ara miÌ€i loÌ£. Mo baÌ ereÌ naÌaÌ€ loÌ£ toÌ£kaÌ€ntoÌ£kaÌ€n. LoÌoÌ€toÌ£ÌoÌÌ£, oÌ fi oÌ£loÌÌ£run haÌ€n loÌnaÌ€ toÌ yeÌ£. OloÌrun yoÌoÌ€ buÌ€kuÌn oluÌ€koÌ€Ì£taÌ€n naÌaÌ€, aÌ€woÌ£n oluÌ€gbeÌjaÌde, aÌ€ti gbogbo aÌ€woÌ£n toÌ koÌpa paÌtaÌpaÌtaÌ. AÌ€woÌ£n oÌ€seÌ€reÌ naÌaÌ€ koÌ€ gbeÌyiÌ€n, gbogbo eÌ€niÌ€yaÌ€n loÌ sÌ£e isÌ£eÌ toÌ daÌra.	positive
Mo gbaÌduÌ€n iÌ€baÌsÌ£epoÌ£Ì€ toÌ waÌ€ laÌaÌ€riÌn-in Mr. Tayo (Bimbo Manuel) aÌ€ti Ejiro (RMD)	positive
NÇ¹kan kan tÃ­ Ã³ mo fáº¹ÌrÃ n nÃ­nÃº erÃ© yÃ¬Ã­ ni bÃ­ a á¹£e sá» Ã¬tÃ n ráº¹Ì€ Ã ti bÃ­ Ã wá»n Ã²á¹£Ã¨rÃ© á¹£e tÃºmá»Ì€ ráº¹Ì€. Ã“ yáº¹ kÃ­ a gbÃ© orÃ­yÃ¬n fÃºn Ã wá»n Ã²Ç¹ká»Ì€tÃ n, olÃ¹darÃ­, Ã ti Ã wá»n a yÃ wÃ²rÃ¡n fÃºn lÃ Ã¡lÃ Ã¡ wá»n lÃ³rÃ­ iá¹£áº¹Ì yÃ¬Ã­. 	positive
FiÌiÌ€muÌ€ kriÌ€iÌ€steÌÌ£niÌ€ tiÌ oÌ daÌra juÌ€lá»Ì£ !!!. .  . .  Mo feÌÌ£raÌ€n ereÌ yiÌ€iÌ! WoÌ£Ìn sÌ£e eÌ daÌradaÌra. EreÌ sÌ£iÌsÌ£e naÌaÌ€ koÌ£jaÌ aÌ€feÌ£nusoÌ£, iÌ€taÌ€n naÌaÌ€ siÌ€ daÌra. IÌ€gboÌriÌyiÌ€n fuÌn aÌ€woÌ£n oÌ€seÌ€reÌ aÌ€ti aÌ€woÌ£n eÌ£gbeÌÌ£ toÌ koÌpa niÌnuÌ sÌ£iÌsÌ£e ereÌ naÌaÌ€. DaÌjuÌdaÌjuÌ aÌ€gboÌ£doÌ€Ì£ woÌ€ ni.. .  . . SÌ£uÌ€gboÌÌ£n, waÌ€aÌ niÌloÌ€ nÌ€kan iÌ€nujuÌ.	positive
FeÌÌ£raÌ€n reÌ€Ì£!. .  . . Mo feÌÌ£raÌ€n ereÌ sinimaÌ naÌ€aÌ, aÌ€woÌ£n oÌ€sÌ£eÌ€reÌ, oluÌ€dariÌ, aÌ€ti beÌÌ£eÌ£Ì€beÌÌ£eÌ€Ì£loÌ£. Gbogbo eÌ€niÌ€yaÌ€n lo jeÌ kiÌ oÌ daÌra puÌpoÌ€Ì£ peÌ€Ì£luÌ ereÌ sÌ£iÌsÌ£eÌ woÌ£n.. . DaÌjuÌdaÌjuÌ, eÌ£nikeÌÌ£ni tiÌ oÌ baÌ so wiÌpeÌ koÌ€ daÌra oÌ€ moÌ£ fiÌiÌ€muÌ€ gidi, taÌ€biÌ kiÌ aÌ€sÌ£aÌ€ aÌ€woÌ£n eloÌ€miÌraÌ€n maÌ niÌtumoÌ€ siÌi.	positive
ErÃ¨ naa dÃ¡ra pÃ¨Ì£lÃ¹ Ã wÃ²Ì£n Ã²sÃ¨rÃ© tÃ³ ráº¹wÃ . Mo fÃ©Ì£rÃ n lati maa rÃ­ BÃ­sÃ³Ì£lÃ¡ nÃ­nÃº erÃ©, Ã³ dÃ¡ra	positive
ErÃ© á¹£Ã­á¹£e tÃ³ faká»yá», Ã¬darÃ­ tÃ³ fi Ã²ye hÃ n á¹£Ã¹gbá»Ìn Ã¬tÃ n yÃ¬Ã­ kÃ² fi báº¹Ìáº¹Ì€ wÃºni lÃ³rÃ­. . . Mo nÃ­ lÃ¡ti sÃ­ a sÃ¬ Ã kÃ¡Ç¹tÃ¬ kÃ­ n lÃ¨ á¹£e Ã gbÃ©yáº¹Ì€wÃ´ erÃ© yÃ¬Ã­. Iá¹£áº¹Ì yÃ¬Ã­ ráº¹wÃ  pÃºpá»Ì€. . . 	positive
OÌ duÌ€n moÌni. . Mo gbaÌdun ereÌ naÌaÌ€. EreÌ naÌaÌ€ aÌ€ti iÌ€taÌ€n naÌaÌ€ DaÌra puÌpoÌ£. MoÌ riÌ geÌÌ£geÌÌ£biÌ oun tiÌ oÌ muÌmi ronuÌ LoÌriÌ oÌ£Ì€roÌ€Ì£ iÌ€gbeÌ€siÌ ayeÌâ€“ eÌ€yiÌ daÌjuÌdaÌjuÌ yiÌoÌ€ je iÌ€laniloÌjuÌ fuÌn oÌ€Ì£poÌ€Ì£loÌ£poÌ€Ì£ tiÌ woÌn nÌ to sÌ£e iÌ€gbeÌyaÌ€woÌ.	positive
Gabriel Afolayan tuÌn jeÌÌ£ oÌ€sÌ£eÌ€reÌ toÌ yaÌ€toÌ£Ì€ laÌaÌ€yeÌ€ tireÌ€. OÌ€ye isÌ£eÌÌ£ maÌa nÌ yeÌ e ni saÌaÌ.	positive
KÃ² burÃº fÃºn Ã gbÃ©yáº¹Ì€wÃ²	positive
FÃ­Ã¬mÃ¹ gidi Ã ti Ã¬sesÃ­ Ã wá»n Ã²È™Ã¨rÃ© tÃ­ Ã³ mÃ¡yÃ n lÃ³rÃ­.. . OjÃºlÃ³wÃ³ Ã¬tÃ n gidi, Ã¬á¹£á»wá»Ì á¹£erÃ© gidi Ã ti Ã¬ dÃ¡ áº¹Ì€rÃ­n pÃ¡ Ã²È™Ã³nÃº rere ni wá»Ìn  pÃ² pá»Ì€ sÃ­ ojÃº kan. FÃ­Ã¬mÃ¹ tÃ­ Ã³ mÃº ara gbÃ¡ yÃ¡gÃ­yÃ¡gÃ­ Ã ti Ã wá»n Ã²È™Ã¨rÃ© tÃ­ Ã³ lÃ© kenkÃ .	positive
Ere tÃ­ Ã gbÃ©kaláº¹Ì€ ráº¹ dÃ¡ra á¹£Ã¹gbÃ³Ì£n tÃ­ Ã³ tiraka lÃ¡ti sÃ fihÃ n Ã mÃºyáº¹ ere apaniláº¹ÌrÃ¬Ã­n Ã ti dÃ­rÃ¡mÃ  páº¹Ì€lÃº Ã¨rÃ² lÃ¡ti ni ipa má»ÌnigbÃ gbÃ©.	positive
Ã“ LÃ‰ KENKÃ€. . NÃ­gbÃ  tÃ­ mo ká»Ìká»Ì wo sinimÃ¡ yÃ¬Ã­, Ã³ yÃ  mÃ­ lÃ©Ì£nu gan-an ni o. N kÃ² fáº¹Ì dÃ bÃ­ áº¹ni tÃ­ Ã³ Å„ ronÃº ju bÃ³ á¹£e yáº¹ lá» o, á¹£Ã¹gbÃ³Ì£n mo mÃ¡a Å„ á¹£e Ã gbÃ©yáº¹Ì€wÃ² Ã wá»n ohun ayÃ© yÃ¬Ã­. MÃ² Å„ fi ojÃº sá»ÌnÃ  fÃºn apÃ¡ kejÃ¬ páº¹Ì€lÃº Ã wá»n Ã²È™Ã¨rÃ© kan nÃ¡Ã  Ã ti Ã¬tÃ n tÃ­ yÃ³Ã² tÃºn rÃºjÃº ju Ã¨yÃ­ lá».	positive
IÌ€yaÌ€láº¹Ìnu. . TÃ©Ì£lÃ¨Ì£tÃ©Ì£lÃ¨Ì£, mi oÌ€ kiÌ n kÃ siÌÃ­, sÌ£Ã¹gbÃ³Ì£n nÃ­tÃ²Ã³tÃ³, erÃ© yiÌ€iÌ yanileÌÌ£nu. NiÌá¹£e ni Ã¨Ã¨yÃ n maÌa moÌ£ wiÌpeÌ, woÌn koÌ€ naÌwoÌ pÃºpá»Ì€ loÌriÌ erÃ© nÃ¡Ã  suÌ€gbá»Ìn iÌ€fojuÌsuÌ€n woÌ£n Ã ti Ã¬á¹£e erÃ© nÃ¡Ã  yanileÌÌ£nu. BoÌtileÌ€Ì£jeÌÌ£peÌ, ibi iÌ€á¹£áº¹Ì€láº¹Ì€ Ã¬jÃ  naÌaÌ€ koÌ€ daÌra toÌ, siÌbáº¹Ì€siÌbáº¹Ì€, oÌ yáº¹ fÃºn wÃ­wo.	positive
ÃŒtÃ n idile Ã ti ogun. Mo fi taratara fi á»wá»Ì sÃ­ erÃ© nÃ¡Ã .	positive
Ã“ gajÃ¹. .  . . FÃ­Ã¬mÃ¹ yÃ¬Ã­ ti jáº¹Ì kÃ­ n yÃ­ á»kÃ n mi padÃ  nÃ­pa nnÌ€kan tÃ³ dÃ¡ra. Ere tÃ³ faká»yá» ni. Ere yÃ¬Ã­ fÃ  nÃ­láº¹Ì€ dÃ­áº¹Ì€ nÃ­ Ã¬báº¹Ì€ráº¹Ì€ á¹£Ã¹gbÃ³Ì£n Ã³ wuyÃ¬ lÃ¡ti wÃ². ÃŒrÃ¡ntÃ­ Ã wá»n abala tÃ³ ti ká»jÃ¡ jáº¹Ì kÃ­ Ã¬parÃ­ ere nÃ¡Ã  tÃºnbá»Ì€ dÃ¹n nÃ­torÃ­ pÃ© gbogbo nnÌ€kan kÃ n Å„ á¹£áº¹láº¹Ì€ papá»Ì€ ni.	positive
Awon eniyan ko ni kekoo ti won ko ba gbiyanju nkan.. .  . . EreÌ yiÌ€iÌ fi oriÌsÌ£ii iÌ€sÌ£oÌ€ro haÌ€n, paÌ€aÌpaÌ€aÌ juÌ€loÌ£, eÌ€yiÌ toÌ sÌ£e pabambaÌ€riÌ€ eÌ€yiÌ tiÌ oÌ jeÌ£ moÌ£Ì£Ì iÌ€poÌ€ruÌru ipoÌ€ aÌ€woÌ£n alaÌwoÌ€Ì£ duÌduÌ niÌ aÌ€wuÌ€joÌ£	positive
NÃ­pasáº¹Ì€ á»rá»Ì€ -ajÃ© ti Ã¬á¹£Ã  fihÃ n, ÃˆyÃ­mofáº¹Ì, (tÃ­ a tÃºmá»Ì€ sÃ­ â€œÃˆyÃ­ ni ÃŒfáº¹Ì Miâ€) á¹£e Ã fihÃ n Ã Ã­lÃ¡kÃ³kÃ², Ã wÃ²rÃ¡n Ã gbÃ¡yÃ© ti Ã¬farabaláº¹Ì€ Ã¨nÃ¬yÃ n lÃ¡kÃ²Ã³kÃ² tÃ­ Ã³ á¹£e Ã¬dÃ¡sÃ­láº¹Ì€ Arie ati Chuko gáº¹Ìgáº¹ÌbÃ­ á»Ã¬táº¹Ìwáº¹ÌgbÃ  tuntun  sÃ­ á¹£Ã­á¹£e fÃ­Ã¬mÃ¹.	positive
EreÌ nÌlaÌ ni ereÌ naÌaÌ€ fuÌn eÌ£ni tiÌ a moÌ€Ì£ siÌ oluÌ€soÌ€Ì£taÌ€n aÌ€gbaÌ€. Gold Statue leÌ€ maÌ jeÌ€eÌ oÌ£Ì€kan laÌra aÌ€woÌ£n ereÌ TaÌdeÌ OÌ€giÌ€daÌn toÌ daÌra juÌ€ o, sÌ£uÌ€gboÌÌ£n isÌ£eÌ nÌlaÌ ni isÌ£eÌ naÌaÌ€.	positive
Ere gidi.. .  . . ErÃ© tÃ­ ÃŒtÃ n ráº¹ lÃ¡gbÃ¡ra nÃ¬yÃ­. Ã“ yáº¹ lÃ¡ti wÃ². Mo rá» yÃ­n lÃ¡ti wÃ² Ã³.	positive
ÃˆyÃ­ dÃ¹n Å„ wÃ². . á»Œmá» a bÃ¡ni gbáº¹Ì áº¹rÃº jÃ­È™áº¹Ì yáº¹n mÃº Ã¬bÃ láº¹Ì€ bÃ¡ á»kÃ n áº¹ni pÃºpá»Ì€. ÃŒtÃ n gidi ti wá»Ìn sá» lá»ÌnÃ  tÃ³ mÃº á»gbÃ³Ì£n dÃ¡nÃ­. Ã“ yáº¹ kÃ­ o wÃ² Ã³.	positive
Ã“ ye kÃ­ erÃ© yÃ¬Ã­ ni sÃ­sÃ¬n karÃ¹n-Ãºn. .  . . ErÃ© yii dÃ¡ra yÃ  Ã ti pÃ© Ã³ dÃ¹n gan. Ti Ã wá»n cÃ¡lÃ­fÃ¡tÃ¬ kÃ² bÃ¡ nÃ­ Ã¬fÃ© si. ÃˆyÃ­ orÃºká» nÃ¡Ã  padÃ  tÃ bÃ­ ke yá» kÃºrÃ² lÃ¡ra ráº¹Ì€. Ã’á¹£Ã¨rÃ© Å„lÃ¡, erÃ© kÃ­ko Å„lÃ¡!! Ã€wÃ²rÃ¡n Å„lÃ¡.	positive
EreÌ  nÌlaÌ. . Mi oÌ€ niÌ oÌ€ye iÌ€diÌ tiÌ ereÌ nÌla yiÌ€iÌ fi niÌ aÌ€gbeÌyeÌ€woÌ€ tiÌ oÌ keÌreÌ toÌ bayi.EreÌ naÌaÌ€ duÌ€n tiÌ mo fi gbogbo oÌ£kaÌ€n mi siÌi geÌ£ÌgeÌ£Ì biÌ oÌ£moÌ£ akeÌÌ£koÌ£Ì€ ileÌ iÌ€woÌ€saÌ€n.. . Ise takuntakun and oÌ€suÌ€baÌ€ fuÌn aÌ€woÌ£n adariÌ aÌ€ti oluÌ€gbeÌjaÌde EreÌ naÌaÌ€.	positive
Iá¹£áº¹Ì lá»Ìpá»Ì€ ráº¹ tÃ­ yá»rÃ­ ju awá»n akáº¹gbáº¹ ráº¹Ì€ lá» nÃ­ orÃ­láº¹Ì-Ã¨dÃ¨ Afirika. FÃ­Ã¬mÃ¹ nÃ¡Ã  jáº¹Ì Ã¬gbÃ©sáº¹Ì€ Ã rÃ  nÃ­ á»Ì€nÃ  tÃ­ o tá» fÃºn á¹£inimÃ¡ Afirika.	positive
Orin atunilÃ¡ra tÃ­ Ã³ sÃ­n páº¹Ìpáº¹Ì páº¹Ì€láº¹Ì orin jÃ¡Ã sÃ¬ Ã ti pá»Ìá»Ì€pÃ¹ tÃ­ Ã³ peregedÃ© Ã ti áº¹gbáº¹Ì aká»rin elÃ©rÃ© Ã¬tÃ gÃ© tÃ­ Ã³ kÃºn ojÃº Ã²á¹£Ã¹wÃ²Ì£n.	positive
ÃŒpadÃ bá»Ì€ á»ba nÃ¡Ã  dÃ¡a	positive
IsÌ£eÌ nÌlaÌ.	positive
Ã€gbÃ©kaláº¹Ì€ ráº¹Ì€ gÃºn rÃ©gÃ©rÃ©gÃ©, Ã¬tÃ n tÃ­ Ã³ kani lÃ¡ra gbá»Ì€ngbá»Ì€n tÃ­ a sá» páº¹Ì€lÃº Ã¬á¹£Ã¨rÃ¨ tÃ­ á» dÃ¡ra gidigidi.	positive
á»ŒÌ€kan lÃ¡ra fÃ­Ã¬mÃ¹ tÃ­ a á¹£e tÃ³ dÃ¡ra jÃ¹ ni á»dÃºn 2017 ni â€œIsokenâ€. Ere yÃ¬Ã­ sÃ fihÃ n Ã á¹£Ã  tÃ³ wÃ  nÃ­ agbÃ¨gbÃ¨ orÃ­lÃ¨-Ã¨dÃ¨ tÃ­ a ti se Ã© jÃ¡de. Ã€lÃ kaláº¹Ì€ erÃ© naa ati, Ã¬gbÃ wÃ²ran jÃ¡de, Ã ti Ã wá»Ì€ Ã ti aá¹£á» lÃ³ se Ã fihÃ n Ã á¹£Ã  Ã¬bÃ­láº¹Ì€ ni. Ãˆre yÃ¬Ã­ tÃºn nÃ­ á»Ì€kan Ã² já»Ì€kan abala ti tÃ³ lÃ¨ pa Ã¨nÃ¬yÃ n láº¹rin Ã­n. 	positive
OÌ dunÌ€-uÌn woÌ€.. . EreÌ gidi! Mo gbaÌduÌ€n peÌ woÌ£Ìn muÌ iÌ€daÌ€gbaÌ€soÌkeÌ€ baÌ eÌ€deÌ€ igbo	positive
Ã€wá»n Ã bÃ­ tÃ­ wÃ³Ì£n fi kÃ¡máº¹ÌrÃ  Ã mÃºlá»Ìwá»Ì, Ã wá»n abala tÃ­ Ã³ tá»Ì ni lá»ÌkÃ n, Ã pilÃ¨Ì£ká» tÃ³ gbá»kÃ n kan Ã ti Ã¬ká»Ì€tÃ n tÃ­ Ã³ fÃºn Ã¬tÃ n tÃ­ a ti má» nÃ­ Ã wá»n Ã mÃºyáº¹ iláº¹Ì€ AdÃºlÃ¡wÃ² lÃ³ jáº¹Ì kÃ­ â€˜Olotureâ€™ jáº¹Ì sinimÃ¡ tÃ³ lÃ¡gbÃ¡ra tÃ­ o Ã² kÃ n nÃ­ rá»ÌjÃº wÃ² á¹£Ã¹gbÃ³Ì£n tÃ­ yÃ³Ã² yÃ  á»Ì láº¹Ìnu tÃ­ o Ã³ sÃ¬ fáº¹ÌrÃ n.	positive
O nilo lati wo eyi!!!!!. .  . .  Agbá»dá» wo !!!  Mo feran ipa ti awon osere ko, itan naa, koda gbogbo re lapapo	positive
ErÃ© tÃ­ o dÃ¡ra .	positive
Mo feÌÌ£raÌ€n-an ráº¹Ì€ - Mo niÌ á»má» kanâ€¦	positive
Ãá¹£e Ã rÃ  lÃ ti á»wá»Ì Káº¹Ìmi AdÃ©tiba, Ã¬tÃ n nÃ¡Ã  ni aká»siláº¹ dÃ¡adÃ¡a, Ã¬wÃ  Ã ká»á»láº¹ tÃ­ o yege. Gbogbo Ã wá»n Ã²á¹£erÃ© á¹£iá¹£e takuntakun. FÃ­Ã¬mÃ¹ yÃ¬Ã­ jÃ© ti Ã gbÃ¡yÃ©,mo kÃ n sÃ¡rÃ¡ sÃ­ gbogbo áº¹gbáº¹ awá»n atuko	positive
ErÃ© alÃ¡gbÃ¡ra tÃ­ agbá»n Ã¬tÃ n tÃ­ a ti gbÃ gbÃ© . ÃˆyÃ­ kÃ¬Ã­ á¹£e fÃºn Ã wá»n tÃ­ kÃ² nÃ­ Ã yÃ .	positive
ErÃ© tÃ³ dÃ¡ra gan ni o sÃ¬ kÃ³Ì£ nÃ­ lÃ³Ì£gbÃ³Ì£n	positive
ErÃ© tiÌ o leÌ ti oÌ sÃ­ nÃ­ Ã sÃ¬kÃ² áº¹Ì€riÌn. ÃŒyáº¹n niÌ iruÌ aÌ€wá»n erÃ© tiÌ mo fáº¹ÌrÃ n.	positive
Itan tooto yii! O le kenka. .  . . IÌ€taÌ€n nÌlaÌ ni iÌ€taÌ€n yiÌ€iÌ. IÌ€tan iÌ€riÌriÌ oÌ€Ì£poÌ€Ì£loÌ£poÌ€Ì£ aÌ€woÌ£n oÌ£moÌ£ aduÌlaÌwoÌ€ tiÌ oÌ waÌ niÌ oÌ€keÌ€ oÌ€kun laÌti iÌ€gbaÌ€ iÌ€waÌsÌ£eÌ€Ì£. InuÌ mi duÌ€n peÌ araÌkuÌ€nrin wa soÌ£ iÌ€tan tireÌ€, tiÌ oÌ siÌ€ koÌ£ oÌ£, dariÌ, tiÌ oÌ€ tuÌn koÌpa niÌnuÌ siÌsÌ£e reÌ€Ì£. IseÌ ereÌ Damson daÌra puÌpoÌ€Ì£.	positive
Ã“ mÃ³ rÃ­ wu , Ã³sÃ¬ pa ni láº¹Ì€rÃ­n  bi wÃ³n ti á¹£Ã pÃ¨jÃºwe Ã á¹£Ã  mÃ©jÃ¨jÃ¬.  Mo ni idÃ¡larÃ¡yÃ¡ jÃ¡lÃ¨ ! ErÃ¨ Ã gbÃ©lÃ©wÃ² to jÃ¡geree nÃ­ Ã¨ yÃ¬Ã­.	positive
AÌ€gbeÌjaÌde toÌ tayoÌ£.. . FiÌiÌ€muÌ€ yiÌ jeÌÌ£ eÌ€yiÌ toÌ soÌ£ niÌpa iÌ€koÌ£luÌ€ iÌ€baÌloÌ€poÌ£Ì€ tiÌ oÌ nÌ sÌ£eÌ£leÌ€Ì£ niÌ ileÌ eÌ€Ì£koÌÌ£ aÌ€gbaÌ€ loÌri aÌ€woÌ£n oÌ£moÌ£ obiÌ€nrin laÌti oÌ£woÌÌ£ aÌ€woÌ£n oluÌ€koÌ. OÌ sÌ£e iÌ€firaÌnseÌ toÌ roÌ£ruÌ€n niÌ oÌ€naÌ€ tiÌ a koÌ€ leÌroÌ€. OÌ€naÌ€ tiÌ a koÌ€ foÌ£kaÌ€n siÌ, IÌ€paÌ€daÌnuÌ€ diÌeÌ€Ì£diÌeÌ€Ì£ waÌ€ niÌbeÌ€Ì£.	positive
Iyanu!. . Mo fÃ©Ì£rÃ n Ã¬fihÃ n Ã á¹£Ã  Ã nÃ­ ninu orin. Ã“ dÃ¡ra lÃ¡ti rÃ­ Ã won Ã¨nÃ¬yÃ n tÃ­ Ã³ mÃº mi wo erÃ© Nollywood lÃ©Ì£Ã¨Ì£kan si.. . Ã“sÃ¬ mÃ¹ ni ráº¹rin.	positive
ErÃ© onÃ­ pele sÃ­ ipele tÃ­ Naijiria tÃ³ dÃ¡ra. .  . . Mo fÃ©rÃ n erÃ© yÃ¬Ã­. Ã“ dÃ¹n wÃ². ErÃ© á¹£Ã­á¹£e tÃ³ dÃ¡ra. Gbogbo Ã¨nÃ¬yÃ n faká» yoo. Ã€wÃ dÃ  inÃº erÃ© na jojÃº. Ã“ á¹£Ã¬ kÃ³ Ã¨Ã¨yÃ n lá»ÌgbÃ³n.	positive
ErÃ© nÃ¡Ã  sá» ojÃº abáº¹Ì niko. . ÃˆdÃ¨ tÃ­ wá»n lÃ³ jáº¹ Ã¨dÃ¨ orÃ­ta, aÌ€wá»n Ã²á¹£Ã¨rÃ© nÃ¡Ã  á¹£e báº¹báº¹, Ã¬gbÃ© erÃ© jaÌde aÌ€ti iÌ€saÌ€tuÌntoÌ€ naa dara loÌ£ÌpoÌ€Ì£. OÌ siÌ€ tuÌn niÌ Ã¬tÃ n tÃ³ dÃ¡ra. PabambariÌ€ reÌ€Ì£ ni wiÌpeÌ oÌ gbÃ© Ajegunle sÃ³rÃ­ aÌ€woÌ€raÌn ayÃ©.	positive
Ã€jÃ kÃ¡lÃ¨ Ã rÃ¹n tÃ³ á¹£Ã¬ tÃºn le á¹£áº¹láº¹Ì€. .  . . Ã“ jáº¹Ì erÃ© tÃ³ tayá», tÃ³ á¹£Ã¬ jáº¹Ì yá» páº¹Ì€lÃº ohun tÃ³ Å„ á¹£áº¹láº¹Ì€ ni Ã yÃ­kÃ¡ wa. Ã“ dÃ¡ra ju gbogbo Ã wá»n erÃ© tÃ­ mo nÃ­ lá»ÌkÃ n lá». ErÃ© na á¹£Ã fihÃ n ohun tÃ³ pá»Ì€. Ã“ jáº¹Ì Ã jÃ kÃ¡lÃ¨ Ã rÃ¹n tÃ³ lÃ¡gbÃ¡ra Ã kÃ³kÃ³ ni Ã¬wÃ lÃ¡Ã yÃ¨ mi. MÃ¡ nÃ¬ fáº¹Ì lÃ¡ti ra kÃ¡sáº¹Ì€tÃ¬ ráº¹Ì€ á¹£á»Ìwá»Ì, mo tÃ­ wÃ¡ kÃ¡Ã kiri US á¹£Ã¹gbÃ³Ì£n mÃ­ Ã³ tÃ­ rÃ­i. á¹¢Ã© amo bÃ­ tÃ­ mo tÃ­ lÃ© e ri rÃ .	positive
Bo ni o á¹£e jáº¹ wÃ­pÃ© erÃ© tÃ³ nÃ­ irÃº akole yii se di wipe o lá»rÃ¡ ti o sÃ­ danilagara. Nibo ni Ã¬kÃ¡njÃº wa? Nibi ni ifáº¹ni sokunkun ati aibaláº¹ á»kan wa páº¹lu? Isatunká» ati iwá»n ráº¹ bi mi nÃ­nÃº ti o sÃ­ Ã²nÃ  ti o fi je kÃ­ erÃ© nÃ¡Ã  tÃ³ wakati meji at'abo. Nkan to dojutÃ¬ ni ni wÃ­pÃ© erÃ© nÃ¡Ã  á¹£Ã fihÃ n Ã¬á¹£Ã²ro tÃ³ á¹£e kÃ³kÃ³, emi kan ro wipe won le erÃ© nÃ¡Ã  lai mu kÃ­ Ã wá»n oluworan ma sun.	positive
Lionheart jeÌ ereÌ  toÌ leÌÌ£waÌ€.. . EreÌ yiÌ€iÌ jeÌ£Ì ereÌ ileÌ aduÌlaÌwoÌ€Ì£ tiÌ oÌ daÌra juÌ€loÌ£ tiÌ mo ti woÌ€. Gbogbo abala ereÌ naÌaÌ€ daÌra, oÌ tuÌn niÌ aÌ€waÌ€daÌ€ diÌeÌ€Ì£ aÌ€ti oÌ£Ì€roÌ£Ì€ akoÌÌ£niloÌÌ£gboÌÌ£n. Mo feÌÌ£ran wiÌpeÌ oÌ sÌ£ojuÌ NaÌ€iÌjiÌriÌaÌ€ daÌadaÌa	positive
IÌ€piÌn kejiÌ€. . Mo fáº¹ÌrÃ n iÌ€piÌn aÌ€ká»Ìká»Ì aÌ€ti wÃ­pÃ© moÌ€ nÌ  fojuÌ sá»ÌnaÌ€ fÃºn iÌ€piÌn kejiÌ€. Mo fáº¹ÌrÃ n gbogbo aÌ€wá»n Ã²á¹£Ã¨rÃ© nÃ¡Ã . MoÌ€ nÌ siÌ€ niÌ Ã¬rÃ¨tÃ­ wÃ­pÃ© Ã won Ã¬pÃ­n tuntun mÃ¬Ã­rÃ n yÃ³Ã² jÃ¡de.	positive
EreÌ naÌaÌ€ jeÌÌ£ ereÌ oniÌ waÌkaÌ€tiÌ meÌjiÌiÌ€ tiÌ mi oÌ€ niÌ peÌ€ niÌ iÌ€gbaÌduÌ€n sÌ£uÌ€gboÌÌ£n oÌ jeÌÌ£ aÌ€koÌkoÌ€ iÌ€roÌnilaÌgbaÌra. TiÌ mo baÌ nÌ sÌ£iyeÌ€meÌjiÌ€, iÌ€gbaÌ€gboÌ mi tuÌn ti leÌkan siâ€¦ EreÌ naÌaÌ€ yeÌ mi daÌadaÌa niÌtoripeÌ oÌ daÌjuÌ peÌ oloÌrun ti foÌ£woÌÌ£ toÌ mi riÌ.. .  . . Mo tuÌn jeÌÌ£ iÌ€peÌ€ oÌ£loÌÌ£run leÌeÌkaÌ€n si.	positive
Ã“ fáº¹Ìáº¹Ì€ rÃ­ bÃ­ wá»Ìn ti Å„ á¹£e Ã wá»n á»má» akáº¹Ìká»Ì€á»Ì obÃ¬nrin ni NÃ Ã¬jÃ­rÃ­Ã  Ã ti Ã¬wá» oÃ²rÃ¹n ÃfÃ­rÃ­kÃ  bÃ¡ÅŸubÃ ÅŸu.	positive
Ã“ nÃ­ Ã wá»Ì€ Ã ti Ã lÃ yÃ© á¹£Ã¹gbá»Ìn Ã¬wÃºnilÃ³rÃ­ kÃ¬Ã­ á¹£e á»Ì€rá»Ì€ nÃ¡Ã  . .  . . NÃ­ gbogbogbÃ², Ã€Ã¡dÃ³Ì£ta jáº¹Ì bÃ³ á¹£e wÃ  , Ã³ nÃ­ áº¹wÃ  Ã ti iwunlere, Ã¬rÃ¨tÃ­ ni lÃ¡ti jáº¹ÌÃ¬wÃºnilÃ³rÃ­ nÃ­ Ã¬parÃ­ á¹£Ã¹gbá»Ìn kÃ² wá»Ì€ mÃ­ nÃ­ akÃ­yáº¹mÃ­ ara á¹£Ã¹gbá»Ìn inÃº mi dÃ¹n tÃ­ mo bÃ¡ Å„ rÃ¡ntÃ­ diáº¹ nÃ­nÃº Ã wá»n á»Ì€rá»Ì€ Ã ti sÃ­Ã¬nÃ¬ wá»n nÃ­ Ã²pin.	positive
Ise to lami laaka ti Kunle Afo se yi si eyin. . EreÌ yi mu enu ba oro to se koko si abala eko orile ede Naijiria. Itan to dara, ibEreÌ to dun,sise EreÌ to mu ako yo. FiÌiÌ€muÌ€ yi je EreÌ to dara ju lati wo lori koko oro lako labo ni ile eko agba ti ile adulawo. E gbadun re ki e si di atunyewo yin mu. FiÌiÌ€muÌ€ to dara ni.	positive
ErÃ© tÃ³ tayá». .  . . Mo á¹£Ã¨Ì£ wo Lara ati Beat lÃ³ri Netflix .. . ErÃ© yii ya ni lÃ©Ì£nu. ÃŒtannÃ¡ erÃ© tÃ­ Ã³ ráº¹wÃ , erÃ© sÃ­se tÃ­ Ã³ wÃ  n bÃ©Ì£, Ã¬tÃ n tÃ­ Ã³ lÃ¡gbÃ¡ra, orin tÃ­ Ã³ dÃ¡ra ati Ã¬dÃ¡rayÃ¡ tÃ­ Ã³ pÃ© tÃ­ gbogbo áº¹bÃ­ mÃ¡a gbÃ¡dÃ¹n.	positive
OnÃ­tura. .  . . Mo fÃ©Ì£rÃ n gbogbo nkan nÃ­ bÃ¨Ì£. Ã€sÃ , Ã¨dÃ¨ Ã ti orin naa ráº¹wÃ 	positive
EreÌ naÌaÌ€ laÌiÌ€siÌ aÌ€niÌaÌ€niÌ fuÌn wa niÌbiÌ nÌ€kan ti riÌ niÌ iÌ€gbaÌ€ aÌ€woÌ£n baÌ€baÌa wa, tiÌtiÌ deÌ ibi ayeÌ£yeÌ£ sÌ£iÌsÌ£eÌ£, oÌ£Ì€roÌ€Ì£loÌriÌi biÌboÌra, aÌ€woÌ£n asÌ£oÌ€Ì£, aÌ€ti biÌ woÌÌ£n ti lo aÌ€woÌ£n asÌ£oÌ£ aÌ€diÌ€reÌ£ aÌ€ti damask	positive
ErÃ© tÃ­ Ã³ nÃ­ Ã¨tÃ² nÃ­ Ã³ jÃ©Ì£, Ã³ sÃ¬ kÃºn fÃºn Ã wá»n Ã²á¹£erÃ© tÃ­ wá»Ìn má» iá¹£áº¹ wá»n á¹£e. Wá»Ìn gbÃ© erÃ© yÃ­ jÃ¡de páº¹Ì€luÌ Ã¬má» toÌ dÃ¡nkiÃ¡  nÃ­nÃº Ã¨tÃ² ati Ã¬darÃ­ erÃ© sinimaÌ. ÃŒtÃ n inÃº erÃ©, bÃ³ tÃ­ láº¹ jáº¹Ì wÃ­pÃ© kÃ­n á¹£e pÃ© Ã³ dÃ¡a gÃ¡n nÃ , sÃ¹gbÃ³n wá»Ìn gbÃ¬yÃ njÃº lÃ¡ti lÃ¨ mÃº kÃ­ Ã wá»n Ã¨Ã¨yÃ n joÌkoÌ€oÌ tÃ­ erÃ© naÌaÌ€.	positive
SÃ­sÃ¬n áº¹láº¹ÌkejÃ¬ ejÃ² Ã³!. . Mo wo â€œFifty Series â€œ mo tÃºn wo Castle & Castle torÃ­ ojÃº Tola faramÃ­. Mo fÃ©rÃ n erÃ© onÃ­ pele sÃ­ ipele yÃ¬Ã­, ma sÃ­ nÃ­ Ã¬fÃ© pÃ© kÃ­ sÃ­sÃ¬n kejÃ¬ jÃ¡de. MÃ­ Ã² fÃ©rÃ n pÃ© áº¹ÌpÃ­sÃ²dÃ¹ tÃ³ kÃ¹ lÃ³ kÃ¹ mÃ­ kÃ¹. áº¸ já»Ì€wá»Ì áº¹ fÃºnmi ni sÃ­sÃ¬n áº¹láº¹ÌkejÃ¬ oo!!	positive
SinimÃ¡ yÃ¬Ã­ le o.. . ErÃ© má»Ì€láº¹ÌbÃ­ tÃ³ kÃ¡ni lÃ¡ra, pani láº¹ÌkÃºn  tÃ­ wÃ³Ì£n rÃ­ Ã¬tÃ n ráº¹Ì€ ká»Ì tÃ­ Ã wá»n Ã²È™Ã¨rÃ© inÃº ráº¹Ì€ sÃ¬ rÃ­ á¹£e.	positive
O fÃºyáº¹Ì o sÃ­ pa'ni l'áº¹rin. . ÃŒdÃ­yelÃ© gÃ³Ã²lÃ¹ Ã wÃ dÃ  pelu Ã¬tÃ n tÃ³ dÃ¡ra. Lati á»Ì€dá»Ì€ awá»n arÃ¡bÃ¬nrin dÃ© orÃ­ awá»n alÃ¡takÃ²,o gbá»dá»Ì€ wÃ². Ka na so Ã¬dÃ¡ pÃ¬láº¹Ì€ Ã lÃ  aÃ¬rÃ²táº¹Ìláº¹Ì€ ati ipÃ¡ pÃ tÃ kÃ¬! Mo gba yi. NÃ­ye kÃ­ áº¹ wÃ²Ã³.	positive
Wá»Ìn farawoÌ£n weÌwu á¹£uÌ€gbá»n Ã¬gbÃ©jÃ¡de erÃ© nÃ¡Ã  dÃ¡ra.	positive
Ã€lÃ yÃ© lÃ¨ mÃ¡ jáº¹Ì á»Ì€nÃ  tÃ³ dÃ¡ra lÃ¡ti sÃ gbÃ©kaláº¹Ì€ Ã¬tÃ n, Ã má»Ì sÃ¡ Desmond Idris sÃ gbÃ©kaláº¹Ì€ ere yÃ¬Ã­ dÃ¡adÃ¡a báº¹Ìáº¹Ì€ sÃ¬ ni Ã³ jáº¹Ì Ã¬tÃ n Ã sá»tÃºnsá».	positive
OÌ TU NI LAÌRA!. .  . . Gbogbo nÌ€kan toÌ waÌ€ niÌpa ereÌ yiÌ€iÌ loÌ daÌra! IÌ€taÌ€n-aÌ€n ereÌ naÌaÌ€, aÌ€woÌ£n oÌ€sÌ£eÌ€reÌ, aÌ€ti diÌdariÌ, tiÌtiÌ deÌ aÌ€woÌ£n nÌ€kan iÌ€muÌra. Mo gbaÌduÌ€n eÌ€yiÌ€iÌ loÌÌ£poÌ€Ì£! GuÌguÌruÌ mi taÌn-aÌn niÌ iÌ€seÌjuÌ peÌreÌte! Mo feÌ£ÌraÌ€n reÌ£Ì€ gaan! EÌ£ joÌ€woÌ, eÌ£ sÌ£e fiÌiÌ€muÌ€ siÌi.	positive
ErÃ© Ã gbÃ©lÃ©wÃ² dÃ¬dÃ¡ra lÃ³rÃ­ jÃ¡kÃ¨jÃ¡dÃ²- orÃ­lÃ¨-Ã¨dÃ¨ . .  . . Oun kan pÃ tÃ³ tiÌ mi Ã²  fÃ©rÃ n nÃ­pa fiÌiÌ€muÌ€ yÃ¬Ã­ ni pÃ© ko si ibÃ¡sepÃ² páº¹lu Ã¡gbÃ¨gbÃ¨ orÃ­lÃ¨-Ã¨dÃ¨ NaÌ€iÌ€jiÌriÌaÌ€ ati india bÃ³ ti  wu Ã³ kÃ©rÃ© má». . .  . . ErÃ© Ã gbÃ©lÃ©wÃ² Ã¬fÃ© tÃ³ lÃ¡rindin lÃ¨ yÃ¬Ã­	positive
ErÃ© tÃ³ já»jÃº. .  . . Mo fÃ©Ì£rÃ n lÃ¡ti mÃ¡a wo ere yÃ¬Ã­ nÃ­torÃ­ Ã kÃ³já»pÃ²Ì£ Ã¬tÃ n rÃ¨Ì£, Ã¬dÃ¡rÃ­ Ã wÃ²rÃ¡n erÃ©, dakore Ã ti bÃ­ Ã woÌ£n tÃ³ kÃ³ pa nÃ­nu erÃ© nÃ¡Ã  se faká»yá» ninu ere sÃ­se.  WÃ³Ì£n gbÃ© Ã á¹£Ã  ati Ã¬á¹£Ã¨Ì£á¹£e wa lÃ¡rugáº¹ niÌnuÌ erÃ© nÃ¡Ã . Ã“ yÃ©Ì£ kÃ­ Ã³ gba Ã mÃ¬ Ã¨Ì£yáº¹ Ã³Ì£sÃ­kÃ  tÃ­ Ã³ bÃ¡ jÃ©Ì£ pÃ© ti wa n ti wa ni. LÃ¡Ã¬ sÃ­ Ã nÃ­ Ã nÃ­, erÃ© naÌaÌ€ gba Ã©Ì£Ã¨Ì£wÃ¡ lori Ã©Ì£Ã¨Ì£wÃ¡ lÃ¡ti Ã²Ì£dÃ²Ì£ mi.	positive
ErÃ© orÃ­ iÌ€taÌ€geÌ dÃ¡ra jÃ¹. Nollywood tÃ­Ã¬ gÃ²kÃ¨ Ã gbÃ .	positive
FiÌiÌ€muÌ€ toÌ wuyiÌ€. . IÌ€taÌ€n toÌ daÌra toÌ beÌ€Ì£reÌ€Ì£ fuÌn aÌ€kiÌyeÌ€siÌ puÌpoÌ€.. . NiÌ gbogbo reÌ€Ì£ juÌ€lo, FiÌiÌ€muÌ€ naÌaÌ€ kuÌ isÌ£eÌ takuntakun.	positive
ErÃ© nlÃ¡ lÃ ti á»wÃ³Ì£á» Nollywood. .  . . Wá»n Ã² kÃ²Ì£ ká» erÃ©e Lion Heart lÃ¡sÃ¡n. Ã³ fi Ã²Ì£pÃ²Ì£lá»pÃ²Ì£ ohun tÃ­ on á¹£áº¹lÃ¨Ì£ nÃ­ NÃ Ã­jÃ­rÃ¬a hÃ¡n ni gbÃ gede ti o ma gba eni tÃ­ Ã³ bÃ¡ farabalÃ©Ì£ tÃ­ Ã³sÃ¬ nÃ­ ojÃº inÃº lÃ¡ti rii ninu erÃ© naa.	positive
ErÃ© yii jÃ©Ì£ erÃ© tÃ­ Ã¨tÃ² rÃ¨Ì£ dÃ¡ra jÃ¹ lá» lÃ¡ra erÃ© Nollywood. á¹¢e lÃ³ já» erÃ© AfÃ­rÃ­kÃ  Ã ti AmÃ©Ì£rÃ­kÃ . ErÃ© á¹£Ã­á¹£e inu rÃ¨Ì£ náº¹gba, Ã³tÃºn wÃ¡ yani lÃ©Ì£ nu torÃ­ pÃ© erÃ© Ã kÃ³Ì£kÃ³Ì£ tÃ­ Ã²sÃ¨rÃ© asÃ­wÃ¡jÃº kÃ³Ì£kÃ³Ì£ kÃ³ pa ninu rÃ¨Ì£ ni. Mo jÃºbÃ .	positive
NÌ€kan biÌ ereÌ apanileÌriÌ€n-iÌn ti Shakespeare, oÌ kuÌn fuÌn aÌ€woÌ£n oÌ€sÌ£eÌ€reÌ adeÌriÌ€iÌnpani toÌ o daÌmuÌseÌ, o siÌ€ fuÌnnuÌ niÌ iÌ€woÌ€ye tiÌ oÌ daÌjuÌ siÌ bi gbiÌgbeÌ niÌnuÌ iÌ€luÌ toÌ fi fuÌni niÌdaÌnimoÌ€ aÌ€ti IÌ€ja aÌ€da aÌ€woÌ£n Ã rÃ¨.	positive
Ã€wá»n á»má» orÃ­láº¹Ì-Ã¨dÃ¨ NÃ Ã¬jÃ­rÃ­Ã  nÃ­ Brooklyn . .  . . ÃˆyÃ­ jáº¹Ì fÃ­Ã¬mÃ¹ Ã¬yÃ lÃ©Ì£nu , Ã¬fura, Ã¬ronÃº jinláº¹Ì€, Ã ti Ã wá»Ì€.	positive
Ise takuntakun ni Temi Otedola se	positive
EÌ£ sÌ£eun fuÌn aÌ€peÌ£reÌÌ£ tiÌ eÌ£ sÌ£e niÌpa biÌ OÌ ti sÌ£e nÌ sÌ£isÌ£eÌ niÌnuÌ ayeÌ e wa. EreÌ yiÌ€iÌ sÌ£iÌ ni loÌriÌ, oÌ raÌn wa leÌtiÌ biÌ oÌ ti maÌa nÌ sÌ£isÌ£eÌ niÌpaseÌ€ eÌ£ aÌ€woÌ£n tiÌ koÌ€ jeÌÌ£ piÌpeÌ tiÌ woÌÌ£n siÌ€ niÌ iÌ€roÌ€nuÌpiÌ€waÌ€daÌ€ tiÌ woÌÌ£n jeÌÌ£ aÌ€woÌ£n tiÌ a peÌ€ laÌti gboÌÌ£roÌ£Ì€ siÌi leÌ£Ìnu. OÌ€un loÌ nÌ sÌ£eÌ€yoÌkuÌ€. YoÌoÌ€ pariÌ isÌ£eÌ tiÌ oÌ ti beÌ€reÌ€. EreÌ tiÌ oÌ bu oÌ£laÌ fuÌn oÌ£loÌrun, tiÌ oÌ siÌ€ nÌ fi oore, oÌ€go, aÌ€ti agbaÌra meÌtaloÌÌ£kan haÌ€n. EÌ£ sÌ£eÌ puÌpoÌ€Ì£.	positive
IÌ€taÌ€n naÌaÌ€ reÌ£waÌ€.. . IÌ€gbeÌ€roÌ€ ereÌ naÌaÌ€ daÌra puÌpoÌ€Ì£. IÌ€reÌ€tiÌ kiÌkuÌn, aÌ€ti iÌ€fanimoÌ£Ìra. OÌ foÌ£woÌÌ£ kan puÌpoÌ€Ì£ loÌriÌ paÌ€taÌ€kiÌ€ iÌ€baÌnisoÌ€Ì£roÌ€Ì£ niÌnuÌ iÌ€baÌsepoÌ€Ì£. MaÌ€aÌ tuÌn FiÌiÌ€muÌ€ naÌaÌ€ woÌ€ niÌ oriÌsiriÌsi iÌ€gbaÌ€.	positive
Mo nÃ­fáº¹Ì€áº¹Ì erÃ© yÃ¬Ã­ mo sÃ¬ ti wÃ²Ã³ fÃºn Ã Ã¬má»Ì£ye Ã¬gbÃ . Mo sÃ¬ retÃ­ Ã²mÃ­rÃ n n boÌ£ laÌiÌ€peÌÌ£.	positive
á»Œmá» Nigeria Ã¬gbÃ lÃ³dÃ© alÃ¡Ã¬lÃ©Ì£gbáº¹Ì. .  . . AÃ¡jÃ² oni sinima Ã gbÃ©lÃ©wÃ² ti Nollywood ni tÃ²Ã³tá»Ì Ã¬wÃ  Ã²á¹£Ã¨lÃº, áº¹á¹£in Ã ti áº¹Ì€yÃ  nigbonni yÃ¬Ã­, fÃºn Ã wá»n tÃ³ bÃ¡ fáº¹Ì fikÃºn Ã²ye wá»n nÃ­pa Ã¬dÃ­ tÃ­ a fi ni Ã wá»n Ã²kÃ¨ Å„lÃ¡Å„lÃ¡ lagbaye. NÃ­pa bÃ¡yÃ¬Ã­, Ã wá»n Ã¬letÃ² kereje ni orÃ­láº¹Ì€ Ã¨dÃ¨ NÃ Ã¬jÃ­rÃ­Ã  tÃ­ farahÃ n lÃ³nÃ¬Ã­.. .  . . áº¸Ì€mÃ­ á»kÃ n fara hÃ n nÃ­nÃº ojutaye nÃ­torÃ­ orisirisi Ã¬rÃ­rÃ­, Ã¬pÃ­n kan lÃ¡ra nnÌ€kan wÃ²Ì£nyÃ­ ni sinima Ã gbÃ©lÃ©wÃ² yÃ¬Ã­ gbÃ© sÃ­ta.	positive
OÌ dun lÃ¡ti wÃ² pÃ Ã¡ pÃ Ã¡ tÃ­ oÌ bÃ¡ nÃ­ Ã²ye Ã¨dÃ¨ Igbo á¹£Ã¹gbá»Ìn nÃ­ gbogbogbÃ²,o jáº¹ fÃ­Ã¬mÃ¹ tÃ­ o dÃ¡ra	positive
EreÌ yiÌ€iÌ daÌ€biÌi wiÌpeÌ oÌ jeÌ£ aÌ€gbaÌpoÌ£Ì€ aÌ€woÌ£n aÌ€boÌ£Ì€ odidi ereÌ tiÌ woÌ£Ìn tuÌn fi ereÌ iÌ€feÌ£Ì siÌ. KoÌ€ joÌ£ peÌ ereÌ eÌ£Ì€feÌ£Ì€ laÌsaÌn taÌ€biÌ ereÌ eÌ£Ì€feÌ£Ì€ aÌ€ti seÌ£ nÌ€kan niÌnuÌ ayeÌ.	positive
Genevieve Nnaji tÃºn fihÃ n láº¹áº¹kan si wÃ­pÃ© Ã³un sÃ¬ ni Ã³á¹£Ã¨rÃ© Nollywood tÃ­ Ã³ jÃ¡fÃ¡fÃ¡ jÃ¹lá» pÃ¨Ì£lÃ¹ Ã¬tÃ³Ì£sÃ³Ì£nÃ  erÃ© alÃ¡ká»ká». Ohun tÃ­ a  ni la ti  sá» nipÃ© kÃ­ agbÃ¡ra naa kÃ­ Ã³ ma pÃ²Ì£ si	positive
Fiimu tÃ³ á¹£Ã fihÃ n Ã¬rÃ¨tÃ­ orÃ­lÃ¨-Ã¨dÃ¨ kan fun Ã yÃ­padÃ  sinemÃ¡ tÃ³ dÃ¡ra. .  . . ÃŒrÃ¨tÃ­ ni pÃ© Ã wá»n alÃ¡gbÃ¨ jÃ¡de erÃ© tÃ­ Å„ á¹£e tii Naijiria nÃ¡Ã  le fá»wá»Ì á¹£Ã² wá»Ìpá»Ì€ torÃ­ á»já»Ì á»Ì€la tÃ³ dÃ¡ra fÃºn ilÃ©-isÃ© Ã¬gbÃ© fiimu jÃ¡de ti Ã¬lÃº NÃ Ã¬jÃ­rÃ­Ã .	positive
IfÌ€oÌ€Ì£kaÌ€nbaleÌ€Ì£!. . O fuÌn mi niÌ igbeÌraga okan. YaÌ€toÌ€Ì£ siÌ iÌ€taÌ€n, IseÌ oÌ€sÌ£eÌ€reÌ laÌti oÌ£woÌÌ£ aÌ€woÌ£n oÌ€seÌ€reÌ jeÌ£Ì nÌ€kan toÌ daÌra oÌ tuÌn fa oÌ£kaÌ€n mi moÌ£Ìra.	positive
Mo Å„ wÃ¡ ohÃ¹n orin Ã ti Ã gbÃ©yáº¹Ì€wÃ². .  . . OhÃ¹n orin kan wÃ  nÃ­ Ã¬parÃ­ FiÌiÌ€muÌ€  nÃ¡Ã . NÃ­ abáº¹Ìláº¹Ì€, kÃ² nÃ­ á»Ì€rá»Ì€, á»Ì€pá»Ì€lá»pá»Ì€ ohÃ¹n alÃ¡dÃ¹n ni Ã³ jáº¹Ì. Mo Å„ gbÃ¬yÃ njÃº lÃ¡ti wÃ¡ orÃºká» ráº¹Ì€.. .  . . Láº¹ÌyÃ¬n Ã¬yáº¹n, FiÌiÌ€muÌ€  Å„lÃ¡ ni, Ã³ fi Ã páº¹Ì€láº¹Ì pÃºpÃ² táº¹Ì€sÃ­wÃ¡jÃº. ÃŒá¹£á»wá»Ìá¹£erÃ© ráº¹Ì€ bÃ²jÃºmu. KÃ² sÃ­ Ã¬má»Ì€sÃ­lÃ¡ra tÃ bÃ­ ohunkÃ³hun bÃ­iráº¹Ì€ tÃ­ kÃ² bÃ²jÃºmu. Ã€wá»n Ã¬bÃ¡nisá»Ì€rá»Ì€, á»Ì€rá»Ì€ tÃ­ wá»Ìn yÃ n lÃ¡ti sá», Ã wá»n Ã¬bÃ¡dá»Ìgba, Ã¬fanimá»Ìra nÃ­ á»Ì€tÃºn Ã ti Ã²sÃ¬. Gbogbo wá»n lÃ³ bÃ¡ Ã¬wÃ  áº¹Ì€dÃ¡ mu bÃ­ áº¹ni Å„ wo ohun tÃ­ Ã³ á¹£áº¹láº¹Ì€ lÃ³jÃº ayÃ©. á»ŒÌ€pá»Ì€lá»pá»Ì€ Ã wá»n Ã sÃ¬kÃ² Ã¬dÃ¡káº¹Ìrá»Ìrá»Ì Ã ti ohun bÃ­iráº¹Ì€ wÃ . NÃ­torÃ­nÃ¢, o nÃ­ lÃ¡ti fáº¹ÌrÃ n irÃº FiÌiÌ€muÌ€  yÃ¬Ã­ Ã bÃ­ kÃ­ o mÃ¢ fáº¹rÃ n ráº¹Ì€; kÃ² sÃ­ wÃ­wÃ  nÃ­ Ã Ã¡rÃ­n mÃ©jÃ¬.	positive
Ã€kÃ³kÃ³ nÃ­pÃ² Ã wá»n erÃ© NÃ Ã¬jÃ­rÃ­Ã  ti mo fÃ©rÃ n jÃ¹.. . Mo ni Ã¬fÃ© erÃ© nÃ¡Ã , Ã³ bá»Ì si á»Ìkan lÃ¡ra erÃ© tÃ³ mÃ¡ Å„ tÃ¨mi lá»ÌrÃ¹n.. .  . . Igbiyanju mi ni pÃ© kÃ­ Ã wá»n arÃ¡ Ã¬lÃº NÃ Ã¬jÃ­rÃ­Ã  gbÃ¡rÃºkÃ¹tÃ¬ erÃ© nÃ¡Ã  lÃ¡ti ri pÃ© gbÃ© á»Ì€pá»Ì€lá»pá»Ì€ re jÃ¡de lÃ¡ti wÃ²Ã³.	positive
KÃ©mi aÌ€detibaÌ€ King Of Boys ká»jÃ¡ Ã dÃ©mu rÃ²yÃ¬n. Lat'ori yÃ­yan Ã wá»n Ã²á¹£erÃ© tÃ­tÃ­ tÃ³ fÃ­ dÃ© á¹£Ã­á¹£e Ã¬tÃ n inÃº erÃ© orÃ­ iÌ€taÌ€geÌ yÃ¬Ã­. ErÃ© orÃ­ iÌ€taÌ€geÌ yÃ¬Ã­ dÃ¡ra gan niÌ gbogbo Ã¨tÃ² bÃ­ wá»n á¹£e á¹£áº¹ o mÃºnÃ¡ dÃ³ko.	positive
PiÌpeÌ. . KiÌ eniÌ€kan joÌ€Ì£woÌÌ£ baÌmi waÌ aÌ€baÌ€woÌÌ£n niÌnuÌ reÌ  yiÌ niÌtoriÌpeÌ mo ti woÌ€ oÌ niÌgbaÌ€ meÌriÌ€n-in. .  ati wipe emi ko ri abawon kankan ninu re. Gbogbo nkan nipa EreÌ  na ni o pe. Ojulowo ni EreÌ  na	positive
Ere yÃ¬Ã­ jÃ© Ã¬tÃ n tÃ²Ã³tá»Ì tÃ­ Ã³ sÃ¬ jáº¹ Ã¬á¹£e á»pá»lá»	positive
ErÃ© Naijiria onÃ­ pele sÃ­ ipele to nÃ­ Ã¬tura. .  . . ErÃ© ti NÃ Ã¬jÃ­rÃ­Ã  tÃ³  fÃºn ni itura tÃ³ á¹£Ã¬ dÃ¹n wÃ², tÃ­ kÃ² sÃ¬ sÃ­ Ã wá»n orin buburu tÃ­ a ká» nÃ­bÃ¨. MÃ­ Ã² fÃ©rÃ n pÃ© sÃ­sÃ¬n kan pÃ©rÃ© nÃ­ netiflesi gbÃ© nÃ­bÃ¨. KÃ² dÃ¹n mo mi pÃ© mÃ­ Ã² lÃ¨ rÃ­ sÃ­sÃ¬n kejÃ¬.	positive
TÃ­ Ã³ bÃ¡ jáº¹Ì oÃºnjáº¹ ni mÃ¡a nÃ­ Ã³ bu omi ráº¹ áº¹nu . .  . . AÌ€gbá»dá»Ì€ wÃ² ni fÃ­Ã¬mÃ¹ 'citation' jáº¹Ì, mi Ã² ri bÃ­ ohun tÃ³ le kÃ¹ tÃ . Wá»Ìn fi ara baláº¹Ì€ yan Ã wá»n Ã’á¹£Ã¨rÃ© nÃ¡Ã  wÃ³n sÃ¬ fi Ã mÃ¬ Ã²gbÃ³Ç¹tagÃ¬ hÃ n, Ã wá»n ibi tÃ­ wÃ³n lÃ² dÃ¡ra lá»Ìpá»Ì€lá»pá»Ì€ mi Ã² sÃ¬ má»Ì€ pÃ© Ã wá»n ilÃ© Ã¬wÃ© gÃ­ga tÃ­ Ã³ dÃ¡ra wÃ  nÃ­ Senegal, Ã wá»n á»nÃ  Ã wá»n adarÃ­ wa nÃ­ ÃfrÃ­kÃ  gbÃ© Ã mÃ¬ Ã¬dÃ¡ni má»Ì€ ÃfrÃ­kÃ  yá». . .  . . áº¸Ì€ká»Ì tÃ­ Ã³ wÃ  nÃ­nÃº erÃ© yÃ¬Ã­, bÃ­ wÃ³n á¹£e sá» Ã¬tÃ n naa jáº¹Ì á»Ì€nÃ  tÃ­ Ã³ á¹£e pÃ tÃ kÃ¬, tÃ­ Ã³ nÃ­ Ã²ye Ã ti iá¹£áº¹Ì á»nÃ  tÃ­ Ã³ pelÃ©ke.  ÃŒdÃ¡dÃºrÃ³ nÃ¡Ã  wÃ  nÃ­ Ã¬pele mÃ¬Ã­rÃ n, Ã¬dÃ pá»Ì€ ti Ã wá»n Ã¬kÃ¹nsÃ­nÃº tÃ­ Ã³ dÃ¡ sÃ­ Ã wa oluÃ¹wÃ² jáº¹Ì Ç¹kan mÃ¬Ã­rÃ n. . .  . . Citation jáº¹Ì ohun tÃ­ o gbá»Ì€dá»Ì€ wÃ² lá» wÃ²Ã³ lÃ³rÃ­ NETFLIX	positive
FÃ­Ã¬mÃ¹ tÃ³ peregedÃ©. . FÃ­Ã¬mÃ¹ dÃ¡ra pÃºpá»Ì€. ÃŒtÃ n tÃ­ kÃ² rÃºjÃº rÃ¡rÃ¡ tÃ³ sá» nÃ­pa Ã wá»n á»má» á»kÃ¹nrin mÃ©jÃ¬ páº¹Ì€lÃº Ã¬gbÃ©sÃ­ ayÃ© tÃ­ wÃ³Ì£n ti gbÃ© sáº¹ÌyÃ¬n tÃ­ Ã wá»n Ã¨nÃ¬yÃ n kÃ² má»Ì€. Láº¹ÌyÃ¬n Ã¨yÃ­ ni Ã wá»n kÃ²tÃ² Ã ti gegele tÃ³ yÃ­ bÃ­ wÃ³Ì£n á¹£e padÃ  rÃ­ra wá»n nÃ­gbÃ  tÃ­ wÃ³Ì£n ti dÃ gbÃ .. . áº¸ kÃº iÈ™áº¹Ì. ÃˆyÃ­ yÃ tá»Ì€ sÃ­ Ã wá»n Ã¨yÃ­ tÃ­ mo ti Å„ wÃ² táº¹Ìláº¹Ì€.	positive
MÃ³ fÃ©Ì£rÃ n rÃ¨Ì£. .  . . erÃ¨ ti o ráº¹wÃ ... Mo fÃ©Ì£rÃ n Ã wá»n á»má» Naijiria mi. Ã¬tÃ n erÃ¨ naa dara. EkÃº iá¹£Ã©Ì£.	positive
Ã“ láº¹Ìwa, Ã³ láº¹Ìwa, Ã¬bÃ nÃºjáº¹Ì Ã ti Ã¬á¹£e kÃ³kÃ³.	positive
My Village People ni aÌ€woÌ£n iseÌ sinimaÌ toÌ daÌra kan tiÌ woÌ£n koÌ€ siÌ€ niÌ aÌ€sÌ£ejuÌ€. Ara aÌ€woÌ£n iseÌ yiÌ€iÌ ni oÌ€joÌ€  naÌaÌ€. AÌ€woÌ£n oniÌmoÌ€Ì£ eÌ€Ì£roÌ£ naÌaÌ€ yeÌ£ fuÌn iÌ€gboÌriÌyiÌ€n fuÌn isÌ£eÌ takuntakun tiÌ woÌÌ£n sÌ£e.	positive
Ã“ dÃ¡ lÃ³rÃ­ Ã¬tÃ n, Ã³ Å„ wÃºnilÃ³rÃ­, Ã³ Å„ ká»Ìni lÃ³gbÃ³n, Ã³ sÃ¬ dÃ¡ra já»já».	positive
ErÃ© Naijiria ti mo yÃ n fáº¹Ì niyi. Ã“ dÃ¡ra nÃ­pasáº¹Ì€ Ã wá»n áº¹Ì€yÃ  tÃ­ Ã³ nÃ­.	positive
Mo mÃ¡a Å„ gbÃ³rÃ­yÃ¬n fÃºn fÃ­Ã¬mÃ¹ tÃ³ fi okÃ¹n Ã¬fáº¹Ì tÃ³ gbÃ³pá»n sÃ¡Ã Ã¡rÃ­n Ã wá»n á»má»bÃ¬nrin mÃ©jÃ¬ tÃ­ á»Ì€pá»Ì€lá»pá»Ì€ nÇ¹kan so papá»Ì€ á¹£Ã¹gbÃ³Ì£n tÃ³ jáº¹Ì pÃ© á»Ì€rá»Ì€ Ã¬fáº¹Ì Ã ti Ã²á¹£Ã¨lÃº lÃ³ yÃ  wÃ³Ì£n sá»Ìtá»Ì€. Ã€wá»n Ã²á¹£Ã¨rÃ© tÃ³ kÃ³pa nÃ­nÃº erÃ© yÃ¬Ã­ faká»yá». OnÃ­kÃ¡lukÃº wá»n lÃ³ kÃ³ ipa tiráº¹Ì€ dÃ¡adÃ¡a.	positive
"Ere aká»Ìnilá»Ìgbá»Ìn, á¹£Ã¹gbÃ³Ì£n tÃ­ Ã³ Å„ wá» inÃº akÃ­nyemÃ­ ara Ã¨nÃ¬yÃ n páº¹lÃº Ã¬rora. Ã€gbÃ©kaláº¹Ì€ páº¹lÃº Ã¬mÃ²ye tÃ­ Ã³ lÃ¡gbÃ¡ra. . . FiÌiÌ€muÌ€  Å„lÃ¡ tÃ­ wá»Ìn á¹£e tÃ­ wá»Ìn sÃ¬ darÃ­ páº¹Ì€lÃº Ã¬mÃ²ye. Ã€gbÃ©kaláº¹Ì€ ráº¹Ì€ Å„ ká»Ìnilá»Ìgbá»Ìn sÃ­ ipele kan, á¹£Ã¹gbÃ³Ì£n Ã³ kÃºn fÃºn Ã¬rÃ­rÃ­ tÃ­ Ã³ Å„ ki ni sÃ­nÃº Ã¬rora... . Ã“ Å„ á¹£Ã warÃ­ áº¹Ì€yÃ  Ã ti Ã¬á¹£esÃ­ Ã wá»n á»má» jÃ gÃ­dÃ­jÃ gan, nÃ­ orÃ­láº¹-Ã¨dÃ¨ England, Ã³ á¹£Ã²ro lÃ¡ti gba Ã wá»n oun tÃ­ Ã³ á¹£áº¹láº¹Ì€ nÃ­nÃº ráº¹Ì€ gbá»Ì, Ã¬má»Ì€ wÃ­ pÃ© FiÌiÌ€muÌ€  nÃ¡Ã  dÃ¡lÃ³rÃ­ oun tÃ­ Ã³ á¹£áº¹láº¹Ì€ lÃ³jÃº ayÃ© tÃºn bá»Ì€ sá»Ì di Ã²tÃ­tá» kÃ­korÃ². BÃ³yÃ¡ awá»n abala kan wÃ  nÃ­báº¹Ì€ tÃ­ wá»Ìn jáº¹Ì fÃºn Ã¬á¹£Ã¨rÃ© lÃ¡sÃ¡n, á¹£Ã¹gbÃ³Ì£n Ã³ sÃ¬ wÃ  lÃ¡ti ohun tÃ­ Ã³ dÃ¬Ã­dÃ¬ á¹£áº¹láº¹Ì€.. .  . . Ã€wá»n ibi kan wÃ  nÃ­nÃº sinemaÌ Ã gbÃ©lÃ©wÃ² tÃ­ mÃ Ã¡ kÃ n bÃ¨Ã¨rÃ¨ pÃ©: â€œKÃ­lÃ³dÃ©""? BÃ¡wo lÃ³ á¹£e mÃ¡a á¹£e báº¹Ìyen? RÃ¡rÃ¡Ã¡Ã¡!.. .  . . KÃ² wÃ  fÃºn Ã wá»n á»lá»ÌkÃ n yáº¹páº¹ráº¹, Ã³ sÃ¬ Å„ sáº¹ni lá»ÌkÃ n bÃ¡subÃ su. Ã“ jáº¹Ì erÃ© FiÌiÌ€muÌ€  tÃ­ yÃ³Ã² fi á»Ì sÃ­láº¹Ì€ páº¹Ì€lÃº Ã²pÃ²lopÃ² Ã¬bÃ©Ã¨rÃ¨. Ã“ Å„ dÃ¡nilÃ¡rayÃ¡ á¹£Ã¹gbÃ³Ì£n Ã¡Ã¡ fa Ã rÃ²jinlÃ¨ Ã ti Ã¬dÃ¡hÃ¹n sÃ­ yá». Iá¹£áº¹Ì á»nÃ . á»ŒkÃ n nÃ­nÃº Ã wá»n Ã²gidÃ¬ ere tÃ­ mo ti wÃ² nÃ­ á»Ì€pá»Ì€lá»pá»Ì€ á»dÃºn sáº¹ÌyÃ¬n. Ã€fojÃºsÃ¹n tuntun tÃ­ Ã³ tá»ÌnÃ  lÃ¡ti wÃ²."	positive
O jáº¹ fÃ­Ã¬mÃ¹ tÃ­ Ã¬ dÃ¡ra tÃ­ o sÃ­ nÃ­ anfÃ Ã nÃ­ nÃ­pa Ã²rÃ² Ã¬fáº¹, Ã¬gbÃ gbá», má»láº¹bi ati Ã¬dÃ¡nwÃ² ayÃ©,ko páº¹ ojÃº Ã²á¹£Ã¹wá»Ì€n á¹£ugbá»n mo gbÃ¡dÃ¹n ráº¹, mo nifáº¹ Mawuli Gavor mÃ¡ tÃºn wo lati rÃ­ nÃ­ áº¹Ì€kÃ n si.	positive
EreÌ aladidun ti o ni awon isele itan Benin Kingdom ninu.. . EÌre yiÌ€iÌ koÌ£ÌnileÌkoÌ€Ì£oÌÌ£ puÌpoÌ€Ì£, oÌ siÌ€ duÌ€n-uÌ€n niÌ wiÌwoÌ€. OÌ siÌ€ yaÌ€miÌleÌÌ£nu wiÌpeÌ oÌ£duÌn 2014 ni woÌ£Ìn sÌ£e eÌ. IÌ€sÌ£e ereÌ naÌaÌ€ aÌ€ti diÌdariÌ reÌ€Ì£ daÌra gaan gidi.. .  . . IÌ€gboÌriÌyiÌ€n fuÌn aÌ€woÌ£n toÌ koÌpa niÌnuÌ siÌse ereÌ naÌaÌ€.	positive
Ã€gbÃ©kaláº¹Ì€ Å„lÃ¡.. .  . . ÃŒtÃ n tÃ³ má»Ìpá»lá» wÃ¡ lÃ¡rÃ  á»Ì€tá»Ì€ páº¹Ì€lÃº Ã wá»n Ã²á¹£Ã¨rÃ© tÃ­ wá»Ìn má» iá¹£áº¹Ì wá»n nÃ­á¹£áº¹Ì. ÃŒmá»Ìláº¹Ì€ tÃ­tÃ¡n sÃ­ Ã táº¹Ì€yÃ¬nwÃ¡ á»Ì€rá»Ì€ pá»Ì€ lÃ¡pá»Ì€jÃ¹ dÃ¬áº¹Ì€ á¹£Ã¹gbá»Ìn Ã³ wuni lÃ¡ti Ã¬báº¹Ì€ráº¹Ì€ dÃ³pin.	positive
Ã“ mÃ  dÃ¡ra o.. . LÃ¡ti Ã¬báº¹Ì€ráº¹Ì€ ni sinimÃ¡ yÃ¬Ã­ tÃ­ dÃ¹n. N kÃ² tÃ­Ã¬ rÃ­ Ã á¹£Ã¬á¹£e kankan. LÃ³Ã²Ã³tá»Ì, Ã¬báº¹Ì€ráº¹Ì€ ráº¹Ì€ rÃ­ bÃ¡kan Ã má»Ì bÃ­ wÃ³n á¹£e fáº¹Ì kÃ³ rÃ­ nÃ¬yáº¹n. Ata kÃ©rÃ© iyá»Ì€ dÃ¹n Ãºn  ni fÃ­Ã¬mÃ¹ yÃ­.. . Mo gbÃ  yÃ­n nÃ­yÃ njÃº kÃ­ áº¹ lá» wÃ² o.	positive
KOB ni oÌ gbÃ©gbÃ¡ orÃ³kÃ¨ jÃ¹ fÃºn Ã¨mÃ­ laarin aÌ€wá»n erÃ© orÃ­ iÌ€taÌ€geÌ tÃ³ kÃ¹ lá»Ìwá»Ìlá»Ìwá»Ì yÃ¬Ã­. ErÃ© naÌaÌ€ fÃ­ bÃ­ Ã²á¹£Ã¨lÃº á¹£e rÃ­ lÃ³jÃº ayÃ© nÃ­ orÃ­láº¹Ì€-Ã¨dÃ¨ NÃ Ã¬jÃ­rÃ­Ã .	positive
SinimÃ¡ to lÃ¨ kenkÃ  lÃ¨yÃ­. MÃ  Ã¡ fi á»wá»Ì ráº¹Ì€ sá» Ã yÃ  fÃºn áº¹nikÃ©Ì£ni lÃ¡ti wÃ² Ã³.	positive
mofÃ©rÃ n erÃ© yÃ­ . . mÃ  Ã¡ gbÃ¡dÃ¹n kin ma wÃ³ fÃºn Ã²Ì£pÃ²Ì£lopÃ²Ì£ odÃºn tÃ­ Ã³ nbÃ² Ã ti Ã²rÃ² Ã bÃ¡sá» tÃ­ Ã³ ma Å„  mÃºwÃ¡. . ErÃ© á¹£Ã­á¹£e lo lÃ©tÃ² lÃ¡Ã¬sÃ­ orin alÃ¡dÃ¹n, Ã³ á¹£e gbÃ gbÃ³. Ju gbogbo áº¹ lo, erÃ© na dÃ¡ra, Ã³ gba Ã sÃ¬kÃ² mi.	positive
Mo feÌraÌ€n ereÌ yiÌ€iÌ	positive
FÃÃŒMÃ™ TO GBÃMÃšSÃ‰ Páº¸Ì€LÃš ORÃYÃN DIáº¸Ì	positive
ÃŒtÃ n to lewa ti o á¹£Ã fihÃ n Ã á¹£Ã  iláº¹ NÃ Ã¬jÃ­rÃ­Ã . ÃŒtÃ n nÃ¡Ã  yÃ tá» ti o sÃ­ nira lati lÃ¨ má» Ã¬parÃ­ ráº¹ gáº¹gáº¹ bi awá»n erÃ© Naijiria miiran. Agbá»dá» wo ni erÃ© nÃ¡Ã 	positive
ErÃ© tÃ­ Ã¨Ã¨yÃ n gbá»dá»Ì€ woÌ€ ni, Ã¬tÃ n tiÌ oÌ dÃ¡ra tÃ­ wá»Ìn siÌ€ sÌ£e daÌradaÌra páº¹Ì€luÌ aÌ€koÌjá»pá»Ì€ aÌ€wá»n Ã²á¹£Ã¨rÃ© Hollywood Ã ti Nollywood. Mo gbÃ¡dÃ¹n-un ráº¹Ì€.	positive
POV tuntun . . KÃ¬ Ã­ á¹£e irÃº sinima iláº¹Ì€ Ã²kÃ¨Ã¨rÃ¨ tÃ­ a má»Ì€. KÃ¬ Ã­ á¹£e pÃ© Ã¬gbÃ©jÃ¡de ráº¹Ì€ sá»Ì€rá»Ì€ nÃ­pa Ã¬tÃ n tÃ­ a fáº¹Ì gbÃ©sÃ³kÃ¨ nÃ¬kan, Ã³ tÃºn sÃ fihÃ n Ã á¹£Ã  agbÃ¨gbÃ¨ tÃ­ a ti á¹£e erÃ© nÃ¡Ã 	positive
ErÃ© Citation á¹£e iá¹£áº¹ gidi nÃ­gbÃ tÃ­ o á¹£Ã fihÃ n Ã¬gbÃ gbá» Ã²á¹£Ã¨rÃ© pÃ tÃ kÃ¬ aÌ€ti biÌ woÌn se gboÌgun toÌ niÌgbaÌ€ tiÌ oÌ sÃ lÃ yÃ© oun tiÌ oÌ á¹£áº¹láº¹Ì€ sÃ­, beÌsiÌ€niÌ€ laÌká»Ì€ká»ÌoÌ koÌ€ ye ni bÃ³yÃ¡ iÌ€daÌjoÌÌ£ nÃ¡Ã  yÃ³Ã² á¹£aÌ€faÌ€niÌ fÃºn Ã²á¹£Ã¨rÃ© nÃ¡Ã  AÌ€biÌ yÃ³Ã² á¹£e Ã kÃ³bÃ¡ fÃºn.	positive
NÃ­nÃº erÃ© tÃ³ dÃ bÃ­ eni ti o tÃ³ yáº¹ kÃ³ jáº¹Ì ere tÃ­ Ã  Å„ sÃ¡fihÃ n ráº¹Ì€ dÃ­áº¹Ì€dÃ­áº¹Ì€, a rÃ­ Ã¬bÃ¡á¹£epá»Ì€ lÃ¡sÃ¡n to sÃ¬ táº¹Ì€sÃ­wÃ¡jÃº di áº¹bÃ­ lÃ¡Ã rin á»kÃ¹nrin Ã ti obÃ¬nrin.	positive
NÃ­gbáº¹Ì€yÃ¬ngbáº¹ÌyÃ­n, a padÃ  rÃ­ Ã¨yÃ­ tÃ­ Ã³ dÃ¡ra.. . LÃ¡ti á»wá»Ì AYá»ŒÌ€ MÃKUN, elÃ©yÃ¬Ã­ mÃºnÃ¡ dâ€™Ã³ko. Ã“ pÃ¡ áº¹Ì€fáº¹Ì€ gidi Ã ti Ã¬fáº¹Ì á»kÃ n papá»Ì€. Ã€gbá»dá»Ì€wá»Ì€ ni fÃºn gbogbo á»má» NÃ Ã¬jÃ­rÃ­Ã .	positive
FÃ­Ã¬mÃ¹ orÃ­lÃ¨-Ã¨dÃ¨ NÃ Ã¬jÃ­rÃ­Ã  tÃ³ dÃ¡ra jÃ¹lá» tÃ­ mo yÃ­ rÃ­, fÃ­Ã¬mÃ¹ yÃ¬Ã­ yÃ¡ nÃ­ láº¹Ìnu, alÃ¡tiÃºdÃ¡ pÃºpá» Ã ti alailá»waya. Mo fáº¹rÃ n ni Ã¬tÃ n nÃ¡Ã  se jáº¹Ì ti Ã²de Ã²nÃ­,tÃ­ o sÃ­ tÃºn n'isáº¹ pelu Ã²un tÃ­ o nlá» ni orÃ­lÃ¨-Ã¨dÃ¨ NÃ Ã¬jÃ­rÃ­Ã  lá»wá» yÃ¬Ã­, iá¹£áº¹Ì Ã rÃ  nÃ­ . AlayÃ© nÃ­ á¹¢á»lÃ¡ Sobowale jáº¹Ì	positive
Iá¹£áº¹Ì á»wá»Ì tÃ­ Ã³ faÌká»yá»: o jeÌ£Ì tuntun, Ã³ wÃ  páº¹Ì€lÃº Ã¬rora Ã ti Ã¬fá»má»Ã¨nÃ¬yÃ ná¹£e	positive
Ipele  erÃ© tÃ³ dÃ¡ra. . OrÃ­ mi wÃº si ipele erÃ© yÃ¬Ã­.  ErÃ© alÃ¡dÃ¹n tÃ³ tÃºn mo nÃ­ mÃ³lÃ¨.	positive
Mo feÌÌ£raÌ€n fiÌiÌ€muÌ€ yiÌ€iÌ. .  . . ereÌ yiÌ€i ÌjeÌ ereÌ toÌ daÌra puÌpoÌ€Ì£ oÌ siÌ€ wuÌ€ miÌ tiÌ oÌ baÌ teÌ£Ì€siÌwaÌjuÌ. EÌ£ joÌ£Ì€woÌÌ£, iÌ€gbaÌ€ wo ni iÌ€piÌn keÌ£eÌ£Ì€ta aÌ€ti eÌ€Ì£keÌ£eÌ£Ì€rin yoÌoÌ€ jaÌde?	positive
Eleyii fi  Ã²tÃ­tÃ³Ì£ mÃºlÃ¨Ì£ bii Ã kÃ³Ì£bÃ­ nÃ­nÃº ilÃ© olÃ³wÃ³ Ã¡fÃ­rÃ­kÃ . ErÃ© tÃ³ fi wÃ hÃ¡lÃ  ti Ã wá»n obÃ¬rin mÃ¡Ã¡ n kojÃº nÃ­ Ã wÃ¹já» tÃ­ á»kÃ¹nrin jÃ©Ì£ ojÃºlÃ³wÃ³ á»má» nÃ¬ Ã¬lu Afirika.	positive
IÌ€taÌ€n toÌ laÌgbaÌra . .  . . EreÌ yiÌ€iÌ niÌ oÌ£Ì€poÌ€Ì£loÌ£poÌ€Ì£ eÌ€Ì£koÌÌ£ niÌnuÌ. Zainab Balogun tuÌmoÌ€ ipa naÌaÌ€ daÌadaÌa. TiÌ o baÌ ti soÌ£nuÌ€, nÌ€kan tiÌ o niÌloÌ€ ni ereÌ yiÌ€iÌ, yoÌoÌ€ siÌ€ toÌ£Ì eÌ£ soÌnaÌ€ padaÌ€ siÌ iÌ€laÌ€naÌ€ oÌ£loÌ£Ìrun.	positive
Ere to Å„ ru Ã¨nÃ¬yÃ n nÃ­nÃº tÃ³ sÃ¬ fÃ  nÃ­láº¹Ì€	positive
NiÌpa ti iÌ€moÌ€Ì£ eÌ€Ì£ro, ohuÌ€n naÌaÌ€ daÌra puÌpoÌ€, beÌeÌ€ siÌ€ ni aÌ€woÌ€raÌn yiÌyaÌ€ yaÌaÌ€toÌ£Ì€ siÌ ti aÌ€teÌ£Ì€yiÌ€nwaÌ tiÌ oÌ siÌ€ daÌra. WoÌ£Ìn sÌ£e aÌ€woÌ£n iÌ€ran iÌ€jaÌ€ naÌaÌ€ daÌradaÌra.	positive
FÃ­Ã¬mÃ¹ NÃ Ã¬jÃ­rÃ­Ã  tÃ­ Ã³ dÃ¡ra jÃ¹ tÃ­ mo ti rÃ­ nÃ­ Ã¬gbÃ  dÃ­áº¹Ì€ sáº¹ÌyÃ¬n rÃ¨Ã©.. . FÃ­Ã¬mÃ¹ gidi tÃ­ Ã³ dÃ¬Ã­dÃ¬ sá» nÃ­pa Ã á¹£Ã  NÃ Ã¬jÃ­rÃ­Ã  Ã ti ilÃ© iÈ™áº¹Ì fÃ­Ã¬mÃ¹ ráº¹Ì€ ni.	positive
IrÃº Ã¬tÃ n tÃ­ Ã³ Å„ dani lÃ¡Ã mÃº á¹£Ã¹gbÃ³Ì£n tÃ­ Ã³ Å„ kÃ³ni nÃ­ papÃ¡ mÃ³ra wo ni Ã¨yÃ­!. .  . . ÃŒtÃ n yÃ¬Ã­ Å„ po eÌ£ni niÌnuÌ poÌ£Ì€ gan-an ni. InÃº mi gan-an fÃºn EniÃ¬tÃ n, mi Ã² lÃ¨ á¹£Ã dÃ©dÃ© fi ojÃº inÃº wo ohun tÃ­ Ã³ lÃ ká»jÃ¡ nÃ­ Ã¬gbÃ  Ã¨we ráº¹Ì€. Ã€yÃ­padÃ  ráº¹Ì€ já»nilÃ³jÃº. ÃŒparÃ­ ráº¹Ì€ fi eni tÃ­ EniÃ¬tÃ n jáº¹Ì hÃ n, Ã¬fihÃ n nÃ¡Ã  sÃ­Ã¬ á¹£e mÃ­ nÃ­ kÃ yÃ©fÃ¬. Ã“ mÃº FiÌiÌ€muÌ€  nÃ¡Ã  wÃ¡ sÃ­ Ã¬má»Ì€sÃ­lÃ¡ra tÃ­ Ã³ lÃ© tÃ©Å„tÃ© nÃ­ ipele mÃ¬Ã­rÃ n.	positive
EreÌ  toÌ yani leÌnu, iÌ€pinu daÌradaÌra aÌ€ti iÌ€taÌ€n gidi.	positive
Romper Stomper peÌ€luÌ EreÌ liÌloÌ€Ì£ aÌ€ti aÌ€setaÌn. .  . . FiÌiÌ€muÌ€ aÌ€saÌ€ oriÌ awo tiÌ a gbeÌ jaÌde niÌ oÌ£duÌn seÌyiÌ€nâ€¦TiÌ mo baÌ feÌraÌ€n FiÌiÌ€muÌ€ Rpmper Stomper, â€˜â€˜This is England,A Clockwork Orangeâ€™â€™â€¦ O maÌa feÌraÌ€n eÌ€yiÌ aÌ€ti oÌ€Ì£poÌ€Ì£;oÌ£Ì€poÌ€ tiÌ a sÌ£e daÌadaÌaâ€¦EreÌ aÌ€koÌ£ÌkoÌÌ£ sÌ£e aÌ€woÌ£n oÌ€sÌ£eÌ€reÌ maÌa nÌ jaÌde laÌti eÌ€riÌriÌ woÌ£nâ€¦FiÌiÌ€muÌ€ toÌ tayoÌ£â€¦Mo feÌraÌ€n reÌ€â€¦ oÌ dunni laÌti riÌ biÌ aÌ€woÌ£n eÌ€niÌ€yaÌ€n sÌ£e nÌ fi ojuÌ keÌkereÌ woÌ€ oÌ niÌtoriÌ wiÌpeÌ oÌ jaÌde laÌti oÌ£woÌ£Ì eÌ€niÌ€yaÌ€n tuntunâ€¦ eÌ€ gbaÌduÌ€n  re eÌ€.	positive
O dÃ¡ra pÃºpá» fÃºn Ã wá»n obÃ¬nrin Ã ti Ã wá»n á»kuÌ€nrin nÃ¡Ã . NiÌnuÌ AyeÌ tiÌ oÌ pá»ndandan fÃºn Ã wá»n obÃ¬nrin laÌti sÌ£e ju arawá»n lá», tiÌ woÌ£n sÃ¬ ni gbÃ© jÃ¹ biÌ wá»Ìn ti má»Ì€ lá», erÃ© yiÌ€iÌ jáº¹Ì gáº¹Ìgáº¹Ì bÃ­ iriná¹£áº¹Ì fÃºn iÌ€daÌnileÌkoÌ€Ì£oÌÌ£ niÌpa eÌ€toÌ€ Ã¬á¹£ÃºnÃ¡ tiÌ o sÃ­ tuÌn dariÌ woÌ£n sÃ¬ Egbe Ã¨tÃ² Ã¬á¹£ÃºnÃ¡ ti o dÃ¡ra aÌ€ti Ã nfÃ nÃ­ tiÌ oÌ waÌ€ nÃ­nÃº iÌ€sereniÌloÌgo tiÌ oÌ páº¹Ì€. BeÌeÌ€siÌ€ni, erÃ© nÃ¡Ã  dÃºn woÌ€ oÌ sÃ­ tuÌn fakoÌ£yoÌ£.. . SÃ¹gbÃ³n o, orin inuÌ erÃ© naÌ€ koÌ€ daÌra toÌ.	positive
Ã€wá»n aká»Ì€nlá»Ì€ Ã¨dÃ¨ tÃ­ wÃ³Ì£n lÃ² ma jáº¹Ì á»Ì€rá»Ì€ láº¹Ìnu wa fÃºn á»já»Ì pÃ­pÃ©. A mÃ¡ mÃ¡ sá»Ì lÃ¡ti rÃ¡ntÃ­ erÃ© na taa wÃ².	positive
Ã“ dÃ¡ra fÃºn Ã¬gbÃ  Ã ká»Ìká»Ì. . . BÃ­ Ã³ tiláº¹Ì€ jáº¹Ì pÃ© áº¹Ì€hun ráº¹Ì€ jÃ¡ gaara dÃ­áº¹Ì€, kÃ² sÃ­ nnkan tuntun nÃ­nÃº erÃ© nÃ¡Ã . Ohun ni fÃ­Ã¬mÃ¹ Ã gbÃ©lÃ©wÃ² tÃ³ dÃ¡ lÃ³rÃ­ KÃ©rÃ©sÃ¬mesÃ¬ ni NÃ Ã¬jÃ­rÃ­Ã . Ere yÃ¬Ã­ dÃ¹n dÃ­áº¹Ì€.	positive
SinimÃ¡ tÃ­ Ã³ dÃ¡ra tÃ­ Ã³ sÃ¬ ká»Ìni lá»Ìgbá»Ìn rere ni.. .  . . SinimÃ¡ yÃ¬Ã­ dÃ¡ lÃ³rÃ­ á»má» á»kÃ¹nrin kan tÃ­ Ã³ Å„ dÃ gbÃ  tÃ­ kÃ² sÃ¬ fáº¹Ì kÃ¡wá»Ì gbera. TÃ­ a bÃ¡ wÃ² Ã³, mo wÃ²ye pÃ© sinimÃ¡ yÃ¬Ã­ Å„ fi bÃ­ ati Å„ á¹£e nÃ­ iláº¹Ì€ AdÃºlÃ¡wÃ² hÃ n ni Ã ti bÃ­ Ã wá»n á»má»dÃ© á¹£e Å„ ká»Ì bÃ­ a ti Å„ nÃ­ Ã¬táº¹rÃ­ba.	positive
CITATION á¹£e Ã fihÃ n ohun tÃ­ Ã³ Å„ á¹£áº¹láº¹Ì€ sÃ­ Ã¨yÃ­ tÃ­ Ã³ pá»Ì€jÃº nÃ­nÃº Ã wá»n á»Ì€dá»Ì wa, pÃ Ã¡pÃ Ã¡ Ã wá»n akáº¹Ìká»Ì€á»Ì Ã ti pÃ Ã¡pÃ Ã¡ Ã wá»n tÃ­ Ã³ jáº¹Ì obÃ¬nrin.	positive
Ã’á¹£Ã¨rÃ© obÃ¬nrin tÃ­ mo fÃ©rÃ n jÃ¹ Adesua Etomi Wellington lÃ³ gbÃ© mi dÃ©bi erÃ© onÃ­pele yii, mi Ã² sÃ¬ kÃ  bÃ¡ mÃ³ ráº¹Ì€. ÃŒdÃ¹nnÃº lÃ³ jáº¹Ì lÃ¡ti ri erÃ© á¹£Ã­á¹£e tÃ³ dÃ¡ra, Ã ti erÃ© kÃ­ko páº¹Ì€lÃº rÃ­rÃ­ i, gbogbo Ã wá»n Ã²á¹£Ã¨rÃ© á¹£e dÃ¡ra dÃ¡ra, áº¹ÌpÃ­sÃ²dÃ¹ kÃ² kan le dÃ¡ dÃºrÃ³. Ti áº¹ni KÃ©ni bÃ¡ Å„ wÃ¡ erÃ© gidi lÃ¡ti wÃ², o le á¹£Ã á¹£Ã¬á¹£e lÃ¡ti wo arÃ¡bÃ¬nrin to yÃ tÃ² ti Naijiria yÃ¬Ã­.	positive
Ã“ á¹£e ni lÃ¡Ã Ã¡nÃº, nÃ­torÃ­ Ã¨yÃ­ le jáº¹Ì Ã¬yaniláº¹Ìnu pÃºpá»Ì€ . á¹¢Ã¹gbá»Ìn bÃ­ Ã³ ti jáº¹Ì, Ã³ jáº¹Ì Ã kÃ³já» pá»Ì€ wÃ¡kÃ tÃ­ tÃ­ kÃ² gbÃ©wá»Ì€n	positive
Ã“ mu mÃ­  mÃ³lÃ¨ !!!. .  . . Mo gbÃ¡dÃ¹n reÌ£. EÌ€yiÌ jeÌÌ£ erÃ© Ã gbÃ©lÃ©wÃ² toÌ dÃ¡ra pÃºpÃ² to jÃ¡de waÌ lÃ¡Ìti inÃº Ã wá»n fiÌiÌ€muÌ€ Hollywood . Mi Ã² fi Ã kÃ³kÃ² mi á¹£Ã²fÃ² rara.	positive
Ã“ ga jÃ¹.. . Mo fi Ã’gÃºn Ná»ÌlÃ­wuÃ¹dÃ¹ gbÃ¡ orÃ­ fÃºn Ã kÃ³já»pá»Ì€ Ã¨re yÃ¬Ã­.	positive
FiÌiÌ€muÌ€ to yanilenu. . Itan to rewa, siso daadaa ati sise daadaa. Gbogbo nkan lati ibi ti won ti se ere, kikun oju, awon osere, ede ati fifihan asa dara.. . Ku ise nKunle Afolayan	positive
ErÃ© yÃ¬Ã­ dÃ¡ra gan oÌ siÌ€ sÃ©e fii yangÃ n Ã ti pÃ© Ã á¹£eyá»rÃ­ nÌlaÌ ni oÌ jáº¹Ì. ErÃ© orÃ­ iÌ€taÌ€geÌ yÃ¬Ã­ dÃ¡ra gan ni mo sÃ¬ gbÃ¡dÃ¹n wÃ­woÌ€o ráº¹Ì€. Oun Ã¬dÃ¡rayÃ¡ nÃ­ sinima yÃ¬Ã­ jÃ©, gbogbo Ã¬pele ráº¹ nÃ­ wá»n á¹£e iá¹£áº¹ takuntakun laÌti le mÃº kÃ³ wÃº ni lÃ³rÃ­. Mo gbÃ  pÃ© mÃ­ oÌ€ fowoÌ JÃ³nÃ¡ lÃ³rÃ­ sinimaÌ aÌ€gbeÌleÌwoÌ€ yiÌ€iÌ.	positive
LÃ¡Ã¬ sÃ­ ijiyan rÃ¡rÃ¡ erÃ© orÃ­ Ã¬tÃ gÃ© yÃ¬Ã­ nÃ­ Ã³ tÃ­Ã¬ dÃ¡a jÃ¹ nÃ­nÃº Ã woÌ£n erÃ©  nÃ­ orÃ­láº¹Ì€-Ã¨dÃ¨ NÃ Ã¬jÃ­rÃ­Ã 	positive
O dÃ¡ra suÌ€gboÌÌ£n oÌ rÃºjÃº dÃ­Ã¨. . Mo fÃ©rÃ n Ã dÃ¬tÃº niÌpa Ã¬pÃ nÃ¬yÃ n ti orÃ­lÃ¨-Ã¨dÃ¨ NaÌ€iÌ€jiÌriÌaÌ€. Ã€wá»n Ã¬sÃ¨lÃ¨ da sÃ¹gbÃ³n Ã¨nÃ¬yÃ n tileÌ€ moÌ£ ibi tiÌ erÃ© naÌaÌ€ Å„ loÌ£ Ã mÃ³Ì£ mo niÌ Ã¬fÃ© siÌiÌ erÃ© naÌaÌ€.	positive
OÌ duÌ€n . .  ereÌ yiÌ€iÌ duÌ€n laÌti iÌ€beÌ£Ì€reÌ£Ì€ deÌ oÌ€pin. ereÌ sÌ£iÌse naÌaÌ€ daÌra gaÌan.	positive
Ohun tÃ­ o jáº¹Ì pÃ tÃ³ lÃ¡ti jáº¹ á»má» NÃ Ã¬jÃ­rÃ­Ã , Genevieve Nnaji kÃº iá¹£áº¹Ì. FÃ­Ã¬mÃ¹ tÃ­ Ã¨nÃ¬yÃ n gbogbo gbÃºdá»Ì€ wÃ², Naijiria saara ráº¹,mÃ¡ táº¹Ì€sÃ­wÃ¡jÃº.	positive
ÃŒá¹£Ã²ro kan á¹£oá¹£o	positive
Lionheart jáº¹Ì fÃ­Ã¬mÃ¹ tÃ­ o lÃ¡gbÃ¡ra tÃ³ sÃ¬ fi Ã¬bÃ¡lÃ²pá»Ì€ hÃ n dÃ¡radÃ¡ra niÌ ibi-iá¹£áº¹Ì mi orÃ­lÃ¨-Ã¨dÃ¨ NÃ Ã¬jÃ­rÃ­Ã . OÌ waÌ nÃ­ á»Ì€nÃ  Ã²tÃ­tá»Ì, Ã sá»táº¹Ìláº¹Ì€ gÃ­ga Ã ti nÃ­ Ã¬tá»Ìsá»ÌnÃ  nÃ­ ye alÃ¡Ã¬lÃ¡gbÃ¡ra nÃ­pasáº¹Ì€ Genevieve Nnaji. á¹¢Ã¹gbá»Ìn nÃ­ á»nÃ  Ã¬dÃ¡kejÃ¬, iá¹£áº¹Ì á¹£Ã­á¹£e ráº¹Ì€ kÃ² jáº¹ lÃ¡sÃ¡n Ã ti wÃ­pÃ© o fi iá¹£áº¹Ì Ã¬gbÃ©ga hÃ n fÃºn Ã²á¹£Ã¨rÃ© ati awá»n Ã²un Ã¨lÃ² Ã²á¹£Ã¨rÃ©. FÃ­Ã¬mÃ¹ nÃ aÌ€ jáº¹Ì oun Ã¬wÃºrÃ­. YÃ­Ã² o dÃ¡ra lÃ¡ti yÃ n aÌn fÃºn ileÌ - áº¹Ì€ká»Ì fÃ­Ã¬mÃ¹,tÃ­ kÃ² bÃ¡ n se wipe wá»Ìn á¹£e nÃ­ Ã¨dÃ¨ gÃ¨Ã©sÃ¬.	positive
IÌ€yaÌ€niÌlenu!!!. . EreÌ yiÌ€iÌ jeÌÌ£ oÌ€Ì£kan laÌra aÌ€woÌ£n ereÌ tiÌ mo ti woÌ€ laÌyeÌ. Mo feÌÌ£raÌ€n reÌ€Ì£!!!	positive
ErÃ© orÃ­ iÌ€taÌ€geÌ tÃ­ mo gbÃ¡dÃ¹n wÃ­wÃ² ráº¹ nÃ­, Ã¬tÃ n ereÌ naÌaÌ€ dÃ¡ra pÃºpá»Ì€. . AÌ€i má» oun tÃ³kÃ n nÃ­nÃº erÃ© yiÌ€Ã­ mÃ¡a mÃº kÃ­ o fojuÌsoÌÌ£naÌ€, láº¹yÃ¬n Ã¬gbÃ  nÃ¡Ã  wÃ Ã¡ tÃºn rÃ©rÃ¬n láº¹yÃ¬n Ã¬gbÃ  tÃ³ bÃ¡ rÃ­ abajade iá¹£áº¹láº¹ kan nÃ­nu erÃ© yÃ­.. . Ã€kÃ³kÃ² tÃ­ mo fi sile lati wo erÃ© orÃ­ iÌ€taÌ€geÌ kÃ² sÃ²fÃ² dÃ nÃ¹	positive
Ere Ã²nÃ­dÃ Ã¡kÃºrekÃº á¹£Ã¹gbÃ³Ì£n Ã tÃºná¹£e ráº¹Ì€ Ã¬bÃ¡ dÃ¡ra fÃºn Ã¬tÃ n gidi. . .  . . Mo gbÃ³rÃ­yÃ¬n fÃºn olÃ¹darÃ­ ere yÃ¬Ã­ (Ramsey Nouah) Ã ti á»Ì€nÃ  Ã¬á¹£erÃ© ráº¹Ì€	positive
ErÃ© orÃ­ iÌ€taÌ€geÌ yÃ¬Ã­ dÃ¡ra gan-an. KÃ²sÃ­ aÌ€baÌ€wá»Ìn kankan bÃ³ti wÃ¹ kÃ³ má». Gbogbo Ã¨nÃ¬yÃ n tÃ³ lÃ³Ì£wÃ³Ì£ sÃ¬ fÃ­Ã¬mÃ¹ yÃ¬Ã­ gbÃ¬yÃ njÃº gan. Wá»Ìn sÃ¬ mÃº orÃ­ mÃ­ wÃº pÃ© orÃ­lÃ¨-Ã¨dÃ¨ NÃ Ã¬jÃ­rÃ­Ã  teÌ€siÌwaÌjuÌ nÃ­nÃº erÃ© orÃ­Ã¬tÃ gÃ©	positive
Ohun Ã¬dÃ¹nnÃº ni lÃ¡ti rÃ­ sam dÃ©dÃ¨ lÃ³jÃº pÃ¡tÃ¡kÃ³ Ã¬á¹£erÃ© Ã ti lasi tÃºn tÃ­ rÃ­ pÃ© Ã³ á¹£Ã¬ merÃ© á¹£e ibi kÃ­ bi to bÃ¡ tÃ­ ri Stella Damascus, Ã³ dÃ¡ mi lÃ³jÃº pÃ© omi áº¹kÃºn ma jÃ¡de lÃ³jÃº áº¹. Ko ti áº¹ já» pÃ© Ã³ Å„ dÃ gbÃ .	positive
PÃ­pÃ©. .  . . KÃ²á¹£emawo ni sinima Ã gbÃ©lÃ©wÃ² yÃ¬Ã­!. N Ã² tiáº¹Ì€ lÃ¨ sá» pÃºpá»Ì€. á»ŒÌ€rá»Ì€ tÃ¡n láº¹Ìnu.	positive
Ã“ wÃºni lÃ³rÃ­ Ã wá»n páº¹Ì€lÃº á»Ì€nÃ  tÃ­ Ã wá»n osere gbÃ  lÃ¡ti sá» nÃ­pa Ã¬bÃ¡sepá»Ì€ wá»n pÃ¨Ì£lÃº Ã¬bÃ­nÃº tÃ­ kÃ² farahÃ n rÃ¡rÃ¡.	positive
OÌ duÌ€n moÌni gidigidi lÃ¡ti má» biÌ orin Amazing Grace sÌ£e di kÃ­ká»	positive
NÃ­pa ore á»Ì€fáº¹Ì á»Œlá»Ìrun tÃ­ Ã³ ga jÃ¹, sinimÃ¡ yÃ¬Ã­ fi á»wá»Ì tá»Ì á»kÃ n mi gidi ni. Ã€ gbá»dá»Ì€ wÃ² ni.	positive
KiÌ€iÌ á¹£e peÌ Ã¬tÃ n  naÌaÌ€ kuÌ€naÌ€ laÌti di aÌ€kiÌyeÌ€siÌ oluÌwo naÌaÌ€ niÌ€kan, á¹£uÌ€gbá»Ìn á¹£Ã­á¹£e ráº¹Ì€ lÃ³ juÌ€lá», tiÌ koÌ€ niÌ iÌ€daÌniloÌjuÌ laÌiÌlaÌiÌ.	negative
EreÌ yiÌ€iÌ guÌ€n sÌ©uÌ€gboÌn koÌ€ duÌ€n. KoÌdaÌ€, orin ti woÌÌ©n nÌ koÌ© niÌ abeÌÌ©leÌ€Ì© gan-an koÌ€ wuÌloÌ€. KoÌ€ tileÌ€Ì© si ÌnnÌ€kankan tiÌ a leÌ€ sÌ©e laÌti sÌ©aÌ€tuÌnsÌ©e ereÌ yiÌ€iÌ.	negative
OÌ£Ì€naÌ€ toÌ daÌra lati ba oÌ£joÌ£Ì eÌ€yaÌ€n jeÌ£Ì taÌn yaÌnyaÌn.	negative
KÃ² farabaláº¹Ì€.	negative
AÌ€wá»n koÌkoÌ-á»Ì€rá»Ì€ tiÌ oÌ waÌ€ niÌnuÌ Swallow yoÌoÌ€ jáº¹Ì kiÌ áº¹nikáº¹Ìni kiÌgbe - oÌ€sÌ£iÌ€, iÌ€fipaÌbaÌniloÌ€poÌ£Ì€ iÌ€baÌloÌpoÌ£Ì€, iÌ€á¹£oÌ€wo ogun oloÌroÌ, iÌ€baÌ€jáº¹Ì eÌ£Ì€toÌ£Ì - á¹£uÌ€gbá»Ìn fiÌiÌ€mu naÌaÌ€ aÌ€ti gbogbo aÌ€wá»n ohun kiÌká» jáº¹Ì alaÌiÌ€leÌroÌ€ aÌ€ti aÌ€iÌ€biÌ€kiÌtaÌ€.	negative
BoÌtiláº¹Ì€jáº¹ÌpeÌ iá¹£áº¹Ì aÌ€aÌriÌn jáº¹Ì iÌ€wuÌniloÌriÌ aÌ€iÌ€se aÌ€iÌ€baláº¹Ì€ aÌ€iÌ€biÌ€kiÌtaÌ€ tiÌ aÌ€gbeÌ£Ì€ bigbeÌ e rÃ¬ iÌ€taÌ€n tiÌ oÌ fanimá»Ìra naÌaÌ€, tiÌ oÌ jáº¹Ì kiÌ oÌ jáº¹Ì wiÌwuÌ tiÌ oÌ nira puÌpá»Ì€ ju tiÌ oÌ niÌloÌ€ laÌti jáº¹	negative
Ã€wá»n Ã¬dÃ¡kÃº dÃ¡jÃ­ inÃº Ã¬tÃ n yÃ¬Ã­ Ã ti Ã wá»n ohun bÃ­i Ã²Ã²gÃ¹n Ã ti awo tÃ­ kÃ² mÃº á»gbÃ³Ì£n kankan dÃ¡nÃ­ tÃ­ pá»Ì€ ju kÃ­ Ã¨nÃ¬yÃ n tÃ³Ì£jÃº sinimÃ¡ yÃ¬Ã­ lá».	negative
KoÌ€ siÌ eÌ€niÌ€yaÌ€n kan tiÌ koÌ€ gÃ n eÌ€yiÌ biÌ a á¹£e nÌ ja ogun jaÌde. PaÌ€aÌpaÌ€aÌ aÌ€wá»n oÌ€á¹£iÌ€á¹£áº¹Ì sinimaÌ tiÌ koÌ€ sanwoÌ, tiÌ nÌ ráº¹ÌeÌ£Ì€riÌn. IÌ€riÌra!	negative
BaÌkaÌnnaÌ€ ni agbaÌra aÌ€ti aÌ€iÌ€baláº¹Ì€, OÌ£Ì€gbiÌ€n jáº¹Ì oluÌ€raÌnnileÌtiÌ tiÌ oÌ wuyiÌ€ tiÌ aÌ€wá»n giÌguÌ€n tiÌ oÌ leÌwu ti iÌ€koÌriÌra ara áº¹ni leÌ€ jaÌ siÌ.	negative
á»ŒnÃ  tÃ³ burÃº lÃ¡ti báº¹Ì€ráº¹Ì€ á»dÃºn, 'Apke' Ã² jÃ¡ má» Ç¹kankan	negative
á»Œ lÃ¨ mÃ¡a kÃ³rira arÃ¡ pÃ© á» pÃ dÃ© á¹£Ã¹gbÃ³n á» kÃºrÃ² bi áº¹ni pe á» á»pá»lá» ráº¹ kÃº.	negative
ÃŒyÃ  jáº¹ nÃ­ fÃºn Ã wá»n tÃ­ Ã³ kÃ³pa nÃ­nÃº erÃ© tÃ­ mo bÃ  yá» Ã¨yÃ­ kÃºrÃ². KÃ² dÃ¡a rÃ¡rÃ¡.	negative
BÃ­i Ã wá»n erÃ© tÃ³ kÃ¹nÃ  Ã³kÃ¹, 'Knock Out Blessing' Å„ polongo Ã wá»n tÃ³ gbÃ© e jÃ¡de kÃ¬Ã­ se fÃºn Ã wá»n tÃ³ Å„ wÃ²Ã³ ni  Nigeria.	negative
ErÃ© AkiÌnnuÌ€oÌyeÌ€-AgbaÌjeÌ feÌ£ÌreÌ£Ì€ kÃº koÌ€ gbaÌ€ laÌti diÌi mu áº¹nitiÌ EÌ£Ì€niÌ jáº¹Ì.	negative
Ã€Ã¡dÃ³Ì£ta Ã¬á¹£áº¹ÌjÃº ni a fi wá» Ã¬polÃ³wÃ³ ilÃ© Ã¬gbafáº¹Ì nÃ­ Ã¨kÃ³, Ã¨re parÃ­. OwÃ³ wá»'gbÃ³. KÃ² á¹£eÃ© rÃ²yÃ¬n.	negative
OjÃºtÃ¬ gbÃ¡Ã , 'The Island' fi Ã kÃ³kÃ² Ã ti tÃ¡lÃ©Ì£Å„tÃ¬ á¹£Ã²fÃ²	negative
tiÌ mo baÌ sá» fun á» peÌ fiÌiÌ€muÌ€ iÌ€yaÌ€láº¹Ìnu ni eÌ€yiÌ, irá»Ì ni eÌ€mi yoÌoÌ€ sá».	negative
YÃ tÃ² sÃ­ pÃ­pe rÃ¨, Ã¬á¹£Ã²ro 'Funke' ni pey kÃ² dÃ¹n.	negative
áº¸ mÃ¡ wÃ² o.. . Ã“ á¹£Ã¡, kÃ² dÃ¡ni lÃ¡ra yÃ¡. ErÃ© táº¹ÌÅ„báº¹ÌlÃº ni.	negative
NiÌkáº¹hiÌ€n, eÌ€yiÌ jáº¹Ì áº¹Ì€buÌ€n iÌ€nira tiÌ koÌ€ yáº¹ kiÌ oÌ muÌ waÌ siÌ sinimaÌ.	negative
NiÌ ti iÌ€gbeÌkaleÌ€Ì© isÌ©eÌ©Ì, oÌ daÌra. AÌ€woÌ€raÌn reÌ€Ì© jaÌde daÌadaÌa. KiÌkoÌpa aÌ€woÌ©n oÌ€sÌ©eÌ€reÌ naÌaÌ€ koÌ€ fi beÌÌ©eÌ€Ì© buruÌjaÌiÌ€. Ibi tiÌ waÌ€haÌlaÌ€ waÌ€ ni aÌ€iÌ€siÌ aÌ€peÌ©reÌ© iÌ€muÌloÌ€ oÌ©gboÌÌ©n inuÌ niÌnuÌ iÌ€taÌ€n aÌ€ti iÌ€taÌ€n siÌso.	negative
IÌ€waÌ€ iÌ€kaÌ€ tiÌ oÌ£moÌ£ oÌ£duÌn meÌ£ÌfaÌ€ yiÌ ti  á¹£e loÌriÌ paÌ€aÌpaÌ€aÌ ti yiÌ fiÌiÌ€muÌ€ di puÌpá»Ì€ laÌti kaÌ€	negative
Ã“ dÃ¡ra fÃºn Ã wá»n á»má» á»dÃºn máº¹rinla. ÃŒá¹£e erÃ© nÃ  dÃ bi Ã¬tÃ n Disney tÃ³ má».	negative
DiÌáº¹Ì€ niÌnuÌ aÌ€wá»n fá»wá»ÌkaÌ€n alaÌrinrin aÌ€ti aÌ€wá»n aÌ€koÌkoÌ€ tiÌ agbaÌra á»Ì€fáº¹Ì, á¹£uÌ€gbá»Ìn oÌ gboÌ€oÌ€roÌ€ puÌpá»Ì€, páº¹Ì€luÌ iá¹£eÌ aÌ€ti aÌ€wá»n  iÌ€tá»Ìsá»ÌnaÌ€ tiÌ oÌ jáº¹Ì diÌáº¹Ì€ biÌi teÌ£lifiÌsoÌ£Ì€n á»Ì€saÌn.	negative
AÌ€papá»Ì€ . . aÌ€peÌjoÌ£ erÃ© jáº¹Ì kuÌkuruÌ puÌpá»Ì€ aÌ€ti aÌ€sá»táº¹Ìláº¹Ì€.	negative
sÌ£Ã¹gbÃ³Ì£n, Ã kÃ³kÃ² dÃ­dÃ¡n yÃ­ kÃ©rÃ© Ã³sÃ¬ jÃ¬nÃ  fÃºn won lÃ¡ti san owÃ³ tÃ³joÌ£ju lÃ¡ti fi wo yÃ­	negative
Ã€ti pÃ© dirama tÃ­ Ã³ wÃ  laÌaÌ€riÌn JÃ³sÃ©Ì£fÃ¹ Ã ti aya ráº¹Ì€ Ã á¹£áº¹  bÃ­ aÌ€daÌyeÌbaÌ á¹£Ã¹gbÃ³Ì£n idÃ  Ã­ Ã¬gbÃ  wÃ­pÃ© Ã á¹£áº¹ bÃ­ doÌ£kumeÌ£ÌtiÌ€riÌ€	negative
NiÌtoriÌbáº¹Ìáº¹Ì€, aÌ€wá»n riÌdiÌ€muÌ€ ti giÌguÌ€n aÌ€ti kuÌkuÌruÌ woÌ£Ì oÌ€seÌ á¹£e nÌ fá»huÌ€n laÌiÌ€páº¹Ì laÌti á»Ì€dá»Ì€ aÌ€wá»n oluÌ€gboÌ£Ì	negative
KÃ² sÃ­ áº¹nÃ¬ kankan tÃ­ Ã³ yáº¹ kÃ­ o wo erÃ© rÃ¡darÃ da yÃ¬Ã­.	negative
DÃ­dÃ¹n hÃ n, ÃŒtÃ n tÃ­ kÃ² pÃ²Ì£, ohun agbohuÌ€n buruÌkuÌ	negative
ÃŒlÃ² ohÃ¹n Ã wá»n Ã²È™Ã¨rÃ© mÃ¬Ã­rÃ n lÃ³rÃ­ tÃ­ Ã wá»n tÃ­ Ã  Å„ wÃ² nÃ­ á»Ì€nÃ  tÃ­ kÃ² dÃ¡ra rÃ¡rÃ¡ nÃ­ Ã¨yÃ­ Ã ti Ã¬á¹£á»wá»Ì á¹£erÃ© tÃ­ kÃ² kÃºn ojÃº Ã²á¹£Ã¹wÃ²Ì£n dÃ© orÃ­ pÃ© kÃ² dÃ¡ra rÃ¡rÃ¡. Ã€lÃ¡kÃ¡lÃ Ã¡ ni Ã¨yÃ­ yÃ³Ã² fÃºn á»	negative
KÃ­ iÌ á¹£e eÌ€Ì©eÌ€Ì©kan naÌaÌ€ ni gbogbo ráº¹Ì€Ì© dojuÌruÌ. KÃ­ Ã­ á¹£e dandan ni kiÌ aÌ€woÌ©n tÃ³ Å„ gbÃ© fÃ­Ã¬mÃ¹ jÃ¡de jáº¹Ì kÃ­ Nollywood gÃºn bÃ­ Ã­ tÃ­ Bollywood lÃ¡Ã¬sÃ­ Ã¬tÃ n, á»gbá»Ìn Ã ti nÇ¹kan tÃ³ yáº¹ lÃ¡ti jáº¹ kÃ­ a gbÃ¡dÃ¹n ráº¹.	negative
NÌ€kan toÌdaÌa aÌ€ti iÌ€haÌ€-boÌsÌ£ewaÌ€. AlaÌiÌ€duÌ€n aÌ€ti iÌ€saÌ€leÌ€ oÌ€muÌ€goÌ£!	negative
FiÌiÌ€muÌ€ áº¹Ì€ya aÌ€ká»Ìká»Ì tiÌ oÌ niÌ aÌ€baÌ€wá»Ìn, á¹£uÌ€gbÌá»n oÌ fihaÌ€n aÌ€deÌhuÌ€n nÌlaÌ kan.	negative
NÃ­pa erÃ© to gbajÃºmÃ²Ì£ yÃ­ #KOB nko lÃ¨ soÌ£ pÃ© Ã³ dÃ¡ra tÃ bÃ­ burÃº ju Ã woÌ£n Ã¬yÃ³kÃ¹ nollyhood loÌ£	negative
"Ere Ã wá»n oÌ€poÌ€nuÌ tÃ­ kÃ² mÃº á»pá»lá» lá»Ìwá»Ì rÃ¡rÃ¡ nÃ­ ereÌ ""Made in Heaven"" jáº¹Ì. áº¸ni tÃ³ bÃ¡ wo Ã¨re yÃ¬Ã­ kÃ² ni Ã­ má» Ã¬gbÃ  tÃ­ Ã²un yÃ³Ã² mÃ¡a reÌÌ©riÌ€n in lÃ¡tÃ rÃ­ Ã¬bÃ­nÃº tÃ­ ere nÃ¡Ã  lÃ¨ fÃ . Ãˆre tÃ³ lÃ¨ fÃ  Ã¬rÃ¨Ì£wÃ¨Ì£sÃ¬ á»kÃ n ni. ReÌdereÌ€de tÃ³ kÃºn inÃº Ã¨re nÃ¡Ã  tÃ³ lÃ¡ti pÃ¡ Ã¨nÃ¬yÃ n láº¹rin-in. Ã’sÃ¬ pÃ¡tÃ¡pÃ¡tÃ¡ gbÃ¡Ã  ni Ã¨re yÃ¬Ã­."	negative
GbiÌgbeÌ lá»Ìra, iÌ€á¹£ereÌ nÌlaÌ aÌ€ti peÌ oÌ niÌ aÌ€wá»n biÌba diÌáº¹Ì€ niÌnuÌ, á¹£uÌ€gbá»Ìn iÌ€pariÌ koÌ€ niÌ iÌ€daÌriÌjiÌ€.	negative
NÃ­ Ã Ã¬sÃ­ ohun tÃ­ Ã²nÃ­ lÃ¡Ã¡rÃ­ kan tÃ­ a lÃ¨ rÃ­ dÃ¬ mÃº, mÃ¡ wuláº¹Ì€ fi owÃ³ ráº¹ á¹£Ã²fÃ² pÃ© Ã² Å„ ra sinimÃ¡ Dagger.. . N kÃ² gbÃ  á»Ì nÃ­ Ã¬má»Ì€rÃ n lÃ¡ti wÃ² Ã³ rÃ¡rÃ¡.	negative
TÃ­ mo bÃ¡ sá» wÃ­pÃ© kÃ¬rÃ kÃ¬tÃ  pÃ© a fáº¹Ì á¹£e erÃ© apani láº¹ÌrÃ¬n-Ã­n ti wÃ¡ Å„ sá» kÃ³kÃ³ inÃº Ã wá»n fÃ­Ã¬mÃ¹ di rÃ¡darÃ da, Ã¨yÃ­ gan-an ni Ã páº¹ráº¹ Ã ká»Ìká»Ì.	negative
TÃ­ o bÃ¡ ti wo sinimÃ¡ Chief Daddy :MÃ² Å„ lá» wo Broke nÃ­ á»já»Ì á»dÃºn tuntun tÃ­ wÃ³Ì£n gbÃ© e jÃ¡de, lÃ©á¹£áº¹Ì€káº¹sáº¹Ì€ ni mo gbÃ  Ã¡ lÃ©rÃ² pÃ© Ã³ yáº¹ kÃ­ Ã³ dÃ­je fÃºn sinimÃ¡ tÃ³ burÃº jÃ¹ nÃ­nÃº á»dÃºn yÃ¬Ã­. Má»Ì€ pÃ© Ã¬wá» ká»Ì ni o ni áº¹Ìbi.	negative
á»ŒÌ€láº¹ aÌ€ti iÌ€ráº¹Ì€wáº¹Ì€siÌ€!	negative
SuÌn keÌ£eÌ£reÌ£, koÌ€ fi beÌ£ÌeÌ£Ì€ siÌ nÌ€kankan niÌnuÌ ereÌ yiÌ€iÌ, aÌ€woÌ£n orin tiÌ woÌÌ£n loÌ€ koÌ€ daÌra raÌraÌ.	negative
fiÌiÌ€muÌ€ koÌ jeÌ£Ì nÌlaÌ, diÌeÌ£Ì€ niÌnuÌ aÌ€woÌ£n oÌ€seÌ€re nÌ sereÌ ju boÌti yeÌ£ loÌ£ (boÌyaÌ loÌriÌ-iÌ€dariÌ?) á¹¢uÌ€gbá»Ìn ibi tiÌ woÌ£Ìn ti yaÌ€ aÌ daÌra	negative
Iá¹£eÌÌ© yeÌ©peÌ©reÌ© toÌ keÌreÌ siÌ aduÌruÌ owÃ³ tÃ­ a naÌ lÃ© e lÃ³rÃ­.	negative
IÌ€piÌ€láº¹Ì€ Ã¨re diÌiÌda leÌ£Ìyin Ã¬gbÃ¨jÃ de reÌ£Ì€ tÃ³ buru	negative
KÃ² á¹£eÃ© dÃ¡ l'Ã¡bÃ Ã¡	negative
IÌ€taÌ€n nÌlaÌ, sÌ£iÌsÌ£e tiÌ koÌ€ daÌra.	negative
ErÃ© tÃ­ Ã³ kÃºn fÃºn Ã wá»n gbajÃºmá»Ì€n tÃ­ Ã³ wÃ  dÃ bÃ­ wÃ­pÃ© wá»n Å„ á¹£e erÃ© á»má»dÃ©.	negative
Ã Ã¬fá»wÃ³sÃ­	negative
IÌ€baÌ€nuÌjáº¹Ì! iÌ€tiÌ€juÌ! IÌ€tiÌ€juÌ didan.	negative
Ã€kÃ³joÌ£pÃ²Ì£ erÃ© yi lÃ³ jÃ©Ì£ kÃ­n feÌ£ nÃ­ gbogbo Ã²Ì£nÃ , Ã³ sÃ²ro lÃ¡ti m'Ã³jÃºkÃºrÃ² nÃ­torÃ­ isÃ© ribiribi ti Genevieve Nnaji sÌ£e sÃ­bÃ¨Ì£.	negative
nÃ­ dÃ­dÃ¡jÃº, Ã²Ì£kan lÃ¡ra erÃ© tÃ­ Ã³ bani lÃ©rÃ¹ tÃ­ wÃ³n á¹£e	negative
TiÌ a baÌ nÌ sá»Ì€rá»Ì€ nÃ­Ìpa ereÌ siÌse, iÌ€koÌ©siÌleÌÌ© Ã¬tÃ n, nnÌ€kan Ã¬yÃ lÃ©Ì£nu tÃ³ jÃ³Ì©ni lÃ³jÃº ni.	negative
BÃ³ tilÃ¨ je pe wÃ³n kÃ  Ã¡ sÃ­ erÃ© tÃ³ Å„ ba ni láº¹ÌrÃ¹, 'Bridal Shower' kÃ¬Ã­ se erÃ© báº¹Ìáº¹Ì€. EreÃ© rÃ¡darÃ da ni, kÃ² nÃ­ Ã¬tumÃ² rÃ¡rÃ¡.	negative
oÌ jáº¹Ì oÌ£Ì€naÌ€ toÌ daÌra aÌ€moÌ£Ì koÌ€ niÌ tumoÌ£Ì€ -  wiÌwaÌ owoÌ kiÌaÌ kiÌaÌ	negative
Ã¬jÃ¡kunlÃ¨Ì£  nÃ­ pÃ tÃ³	negative
IÌ€daÌni laÌgara ni	negative
Ã“ n dÃ¹n á¹£Ã¹gbá»n kÃ² kÃºn ojÃº Ã²á¹£Ã¹wá»Ì€n tÃ³.	negative
lÃ³ bÃ Ã¡jáº¹, 'Ã wÃ²rÃ¡n ti dÃ¡ra jÃ¹lá»' fi dÃ¡ni lÃ³jÃº pÃ© elÃ©yÃ¬Ã­ jÃ¬nÃ  pÃºpá»Ì€ sÃ­ ohun tÃ³ dÃ¡ra.	negative
OÌ lá»Ìra gbiÌgbeÌ aÌ€soÌ£teÌ£ÌleÌ£Ì€ EleÌeÌ€yiÌ fiÌiÌ€muÌ€ paÌ€toÌ jeÌ£Ì ti niÌ aÌ€wá»n high junior Circuit.	negative
á¹¢Ã¹gbÃ³Ì£n ohun Ã ti orin ráº¹Ì€ burÃºkÃº tÃ­ Ã³ tilÃ¨Ì£ nÌ bÃ¡ ohunkÃ³hun tÃ­ o daÌa jeÌ£Ì	negative
NkÃ² wo gbogbo Ã¬ranÃ¹ yÃ­Ã­.. . KÃ² yeÌ£ fÃºn Ã¬gbÃ³rÃ­yÃ¬n rÃ¡rÃ¡,. . ÃŒranÃ¹ lÃ¡ti ilÃ¨ alÃ¡wÃ² dÃºdÃº tÃ­ kÃ² nÃ­ Ã kÃ³jopÃ² Ã woÌ£n Ã²sÌ£Ã¨rÃ©.	negative
OÌ£Ì€naÌ€iÌ€koÌ£Ì€taÌ€n tÃ³ dÃ¡ra , ÃŒá¹£e tÃ­ kÃ² dÃ¡ra	negative
á¹¢Ã­á¹£e ere nÃ¡Ã  kÃ³dÃ  a, orin reÌ€Ì£  jeÌ£Ì aÌ€ká»tuÌnkoÌ£...... . OÌ£Ì€naÌ€iÌ€koÌ£Ì€taÌ€n nÃ¡Ã  jáº¹Ì . . (biÌ Ã³ baÌ jeÌ£Ì peÌ mo le fi uÌ€n kan tá»Ìka sÃ­ i  nÃ­biÌ )	negative
ÃŒpiÌ€Ì€leÌ£Ì€ Ã¨re nÃ¡Ã  daada, sÌ£uÌ€gboÌ£Ìn eÌ£Ì€ka teÌ£ÌkiÌniÌkaÌ€ kÃ² dÃ¡ra rÃ¡rÃ¡.	negative
AbojuÌtoÌ, miÌmuÌ miÌmuÌ iÌ€weÌ kan páº¹Ì€luÌ (niÌbi tiÌ a koÌ€ táº¹Ì€) iÌ€jiÌ€nleÌ£Ì€	negative
KÃ² sÃ­ Ã²un kÃ¡n tÃ³ dÃ¡ra nÃ­pa 'What Binds Us'.	negative
á¹¢iÌá¹£ejaÌde fiÌiÌ€muÌ€ yiÌ€iÌ ti á¹£oÌ€ro, á¹£uÌ€gbá»Ìn á»kaÌ€n ti nÌ sá»nuÌ€.	negative
KoÌÌ£koÌÌ£ waÌ€ lÃ³rÃ­ iÌ€baÌsÌ£epoÌ£Ì€ tÃ­ oÌ waÌ€ laÌaÌ€riÌn JÃ³seÌ£Ì€fÃ¹ Ã ti suÌsiÌ€, EreÌ tÃ­ Ã³ rÃ¡n iÌ€moÌ£ÌleÌ£Ì€ siÌ FeÌ£ÌbuÌaÌriÌ€ 13,1976,IÌ€paÌ€niÌ€yaÌ€n, tÃ­ oÌ mÃº OluÌsÌ£eÌ£Ìgun OÌ£baÌsanjoÌ£Ì wÃ¡ sÃ­ Ã¬já»ba.	negative
ÃŒsekÃºse gbÃ Ã¡! Ã€wá»n áº¹ni yÃ¬Ã­ kÃ² nÃ­ nkÃ¡n á¹£e. DÃ¡kun, mÃ¡ fÃ­ nÃ¡Ã­rÃ  ráº¹ fÃºn wá»n lÃ©rÃ¨.	negative
ErÃ© yÃ¬Ã­ nÃ­ lÃ¡ti jáº¹ÌerÃ© Ã¬fáº¹Ì apaniláº¹Ì€rin tÃ­ kÃ² dÃ¹n tÃ­ a ti wÃ² rÃ­.	negative
EleÌyiÌ€iÌ ni yoÌoÌ€ feÌ£Ì jeÌ£Ì isÌ£eÌÌ£ ereÌ sinimaÌ tiÌ oÌ buruÌ juÌ€ boÌ tileÌ€Ì£ jeÌ wiÌpeÌ owoÌ tiÌ oÌ toÌ ni woÌn fi seÌ eÌ.	negative
Ã“ ti falÃ¨Ì£ jÃ¹. ÃŒf'Ã kÃ³kÃ³ sÌ£Ã²fÃ² ni	negative
OjuÌ gbaÌ€ miÌ tiÌ€ peÌ mo fi waÌkaÌ€tiÌ meÌjiÌ€ moÌ£ ereÌ yiÌ€iÌ	negative
N kÃ² fi báº¹Ìáº¹Ì€ gba ti sinimÃ¡ yÃ¬Ã­ jÃ re.	negative
ErÃ© nÃ a fÃ©Ì£Ã¨Ì£jÃ©Ì£ kÃ²rÃ²fo	negative
OÌ£Ì€roÌ£Ì€ siÌsoÌ£ woÌ£n koÌ€ kuÌn ojuÌ oÌ€suÌ€woÌÌ£n, aÌ€woÌ£n ogun tiÌ woÌÌ£n jaÌ€ daÌ€ biÌi ti aÌ€woÌ£n tiÌ oÌ seÌ€Ì£seÌ€Ì£ beÌ£Ì€reÌ£Ì€ iseÌÌ£ tiÌaÌtaÌ€ niÌ kiÌkoÌ£.	negative
LÃ¡ti Ã¬darÃ­ tÃ­ kÃ² da, dÃ© Ã¬tÃ n ti kÃ² dÃ¹n, Ã³ kÃºn fÃºn Ã Ã¬lÃ³Ì£poÌ£loÌ£ Ã ti Ã Ã¬lÃ¡rÃ²jinlÃ¨Ì£	negative
ErÃ© nÃ¡Ã  buráº¹ÌwÃ 	negative
YÃ tÃ²Ì£ sÃ­ pÃ© Ã¨niyÃ n lÃ¨ sá» oun tÃ³ á¹£áº¹láº¹Ì€ ni Ãº erÃ© nÃ¡Ã  Ã ti Ã wá»n Ã’á¹£erÃ© tÃ­ kÃ² kÃºn ojÃº Ã²á¹£Ã¹wÃ²Ì£n, Ã²kun fÃºn Ã wá»n Ã wÃ­_tÃºÅ„wÃ­ asÃ¡n.	negative
Mo kÃ³rira bÃ­ wÃ³Ì£n á¹£e fÃºn erÃ© yÃ­ nÃ­ Ã ká»lÃ©.	negative
Ã’fÃºÃºtÃ¹ fáº¹Ìáº¹Ìtáº¹Ì€, Ã¡Ã¡sÃ  tÃ­ kÃ² nÃ­ kÃ¡nÃºn.. . áº¸Ì€FÃšNSETÃN ANÃWÃšRÃ€ jáº¹Ì Ã fihÃ n Ã¬á¹£e Ã¬máº¹Ìláº¹Ì Ã ti á»Ì€nÃ  Ã¬gbÃ  sá» Ã¬tÃ n tÃ­ Ã³ dunâ€™ni já»já»	negative
InÃº Å„ bÃ­ mi gidigidi.	negative
Ã€Ã¬sÃ­ Ã wá»n Ã¬wÃ© Ã láº¹Ì€ má»Ì Ã²giri onÃ­ Ã¬dÃ¡bÃ¹Ãº láº¹Ìláº¹Ìgbáº¹Ì€áº¹Ì fÃºn Ã wá»n fÃ­Ã¬mÃ¹ Ná»ÌlÃ­wuÃ¹dÃ¹.	negative
Ã“si parakutu	negative
ErÃ© yÃ¬Ã­ mÃº á»Ì€pá»Ì€lá»pá»Ì€ Ã¬rÃ¨tÃ­ dÃ¡nÃ­ á¹£Ã¹gbÃ³Ì£n Ã³ padÃ  di oun tÃ­ Ã³ Å„ mÃºnÃº bÃ­ni pÃºpá»Ì€.	negative
NÃ­torÃ­ wá»Ìn lá» bro orÃ­ oÌ£Ì€roÌ£Ì€ lÃ¡ti fi á¹£e Ã¬fihÃ n Ã wá»n áº¹Ì€dÃ¡...	negative
FiÌiÌ€muÌ€ naÌaÌ€ daÌ€biÌ eÌ£nipeÌ gbogbo páº¹Ì€táº¹Ìláº¹Ì€ ti waÌ€ niÌ fiÌfaÌ€ deÌ iÌ€pariÌ	negative
OÌ á¹£e iÌ€leÌriÌ áº¹Ì€rÃ­n, á¹£uÌ€gbá»Ìn aÌ€waÌ€daÌ€ jáº¹Ì iÌ€woÌ€Ì£nba aÌ€ti aÌ€wá»n áº¹Ì€rin muÌsáº¹Ì diÌpoÌ€ áº¹Ì€rin ahun tiÌ oÌ niÌreÌ€tiÌ niÌgbaÌ€tiÌ oÌ lá» siÌ sinimaÌ fuÌn aÌ€waÌ€daÌ€ kan.	negative
ÃbÃ­gÃ©Ì£lÃ¬ kÃ² dÃ¡ra tÃ³ báº¹Ìáº¹Ì€ nÃ¡Ã , áº¹ni bÃºburÃº ibáº¹Ì€ jáº¹Ì asorun iwÃ¡jÃº pá»Ì€ má»Ì tÃ­ Ã¬pÃ ká»Ì. Wá»Ìn tÃºn wÃ¡ padÃ  rÃ­i wÃ­pÃ© kÃ² dÃ¡ra fÃºn Ã wá»n AdÃºlÃ¡wÃ² lÃ¡ti mÃ¡a ka á»wá»Ì aago padÃ  sáº¹ÌyÃ¬n.	negative
IpoÌ€ asiÌwaÌjuÌ obÃ¬nrin tÃ³ ga jÃ¹ jeÌ£Ì iÌ€jaÌkuleÌ£Ì€	negative
Ã¬parÃ­ ráº¹ nÃ¬kan ni Ã³ padÃ  du fÃºn mi. Ã“ da fÃºn á».	negative
ÃŒdÃ³jÃºtÃ¬ gbÃ¡Ã  ni Ã¨tÃ­ jÃ©Ì£. . KÃ³dÃ , Ã³ ta Ã bÃ¹kÃ¹ bÃ¡ CNA.	negative
OÌ£Ì€naÌ€ á¹£e Ã¨re nÃ¡Ã . IÌ€seÌ£ÌjuÌ aÌ€aÌdoÌ£Ì€ruÌn tÃ­ Ã¬jÃ¡nikuleÌ£Ì€ ohun Ã gbÃ©yÃ¨wo Ã ti á¹£Ã­á¹£e ere	negative
OÌ ti daÌ€ruÌ moÌ£Ì mi loÌjuÌ o.. . SÌ£eÌ oun tiÌ woÌ£Ìn peÌ€ niÌ sinimaÌ gidi niÌleÌ£Ì€ AduÌlaÌwoÌ£  loÌÌ£duÌn 2012 reÌ€eÌ? TiÌ oÌ baÌ jeÌ£Ì beÌ€Ì£eÌ€Ì£, oÌ daÌra! Mo waÌ nÌ roÌ€ oÌ woÌ€ peÌ sÌ£eÌ oÌ ti daÌra ju ti teÌÌ£leÌ€Ì£ loÌ£ niÌ oÌ£duÌn un 2021 biÌ?	negative
Knock Out Blessing' jáº¹Ì erÃ© tÃ­ kÃ² nÃ­ Ã¬wÃºlÃ² rÃ¡rÃ¡, kÃ³dÃ  kÃ² yáº¹ kÃ­ wá»n gbe jÃ¡de. Ã’á¹£Ã¬.	negative
GiÌguÌ€njuÌ€ tÃ­ kÃ² wÃºlÃ²	negative
FuÌn aÌ€wá»n oÌ€seÌ€reÌ tiÌ woÌ£Ìn seÌ£Ì€seÌ£Ì€ beÌ£Ì€reÌ€Ì£ tiÌ oÌ tuÌn nÃ­ koÌ€ siÌ iÌ€tá»Ìsá»ÌnaÌ€ laÌti AkinroÌpoÌ€. OhÃ¹n naÌaÌ€ buruÌ, boÌyaÌ laÌti aÌ€iÌ€niÌ aÌ€wá»n ariwo gbohuÌ€ngbohuÌ€n.	negative
SuÌgaÌ€ SuÌgaÌ€ ni á»Ì€pá»Ì€lá»pá»Ì€ aÌ€wá»n iÌ€woÌ€ye yiÌyiÌ ojuÌ tiÌ oÌ pariÌ niÌ iÌ€pariÌ niÌ iÌ€pinnu apanirun tiÌ roÌ€gboÌ€diÌ€yaÌ€n alaÌiÌ€laÌgbara.	negative
Ã¬bÃ nÃºjáº¹ á»kÃ n, iÌ€yiÌpadaÌ€ EÌ£niiÌ€taÌ€n laÌti áº¹Ì€miÌ tiÌ oÌ sá»nuÌ€ siÌ á»Ì€má»Ì€weÌ kan aÌ€ti niÌ baÌyiÌ€ oÌ€á¹£eÌ€reÌ kan ti lá» siÌnuÌ aÌ€wá»n iÌ€á¹£áº¹ÌjuÌ iÌ€káº¹hiÌ€n tiÌ oÌ kuÌ€ láº¹ÌhiÌ€n gbogbo aÌ€iÌ€baláº¹Ì€ naÌaÌ€.	negative
Ere iláº¹Ì€ NÃ Ã¬jÃ­rÃ­Ã  Ã gbÃ©lÃ©wÃ² mi Ã ká»Ìká»Ì . . FÃºn á»Ì€pá»Ì€lá»pá»Ì€ á»dÃºn sÃ©Ì£yÃ¬n, mo ti á¹£e alaÌbaÌ€aÌpaÌ€deÌ á»Ì€pá»Ì€lá»pá»Ì€ eÌ€siÌ€ Ã ti Ã¬rÃ²yÃ¬n tÃ³ Å„ sá» nÃ­pa pÃ© NÃ Ã¬jÃ­rÃ­Ã  tÃ­ ni ile Ã¬á¹£e tÃ³ n saÌ€gbeÌjaÌdeÌ Ã¨reÌ Ã gbÃ©lÃ©wÃ². BÃ­ Ã³ tilÃ¨ je peÌ eÌ€yiÌ wuÌmi loÌriÌ, n kÃ² rÃ­ ereÌ ilÃ©Ì© NÃ Ã¬jÃ­rÃ­Ã  kankan wo aÌ€fi Ã¬gbÃ  tÃ­ mo kaÌ€n saÌ€deÌeÌdeÌ rÃ­ Ã¨yÃ­ lÃ³rÃ­ Netflix. LÃ³Ã²Ã³tá»Ì, nnÌ€kan ti moÌ€ Å„ retÃ­ ni mo rÃ­. Mo rÃ­ Ã wá»n ibi tÃ­ wÌ©oÌ©n kÃ³ á¹£e dÃ¡adÃ¡a lÃ¡tÃ rÃ­ Ã Ã¬sÃ­ irinseÌÌ© tÃ³ muÌnaÌdoÌko. BÃ­ Ã³ tiláº¹Ì€ jáº¹Ì pÃ© Ã wá»n ibi ká»Ì€á»Ì€kan wÃ  tÃ­ wÃ³Ì£n á¹£e dÃ¡adÃ¡a ati Ã¬darÃ­ tÃ³ toÌkasiÌ pÃ© á»Ì€pá»Ì€lá»pá»Ì€ akitiyan ni Ã wá»n osere á¹£e, Ã¨re yÃ¬Ã­ ni Ã wá»n kuÌ€diÌ€eÌ€Ì©kudieÌ© tÃ³ pÃ²Ì©. Abala Ã wÃ²rÃ¡n yÃ­ya kÃ² dÃ¡ra tÃ³ báº¹Ìáº¹Ì€ sÃ¬ ni Ã¨re sise Ã wá»n oÌ€sÌ©eÌ€reÌ kÃ² fi wá»Ìn hÃ n bÃ­ akoÌÌ©sÌ©eÌÌ©moÌ©sÌ©eÌ©Ì. . . LÃ³Ã²Ã³tá»Ì, nÌ€ bÃ¡ tilÃ¨Ì© niÌ kÃ­ n fojÃº fÃ² gbogbo Ã wá»n kuÌ€diÌ€eÌ€Ì©kudieÌ© yÃ¬Ã­ kÃ¡ sá» pÃ© wÃ hÃ¡lÃ  Å„lÃ¡ tÃ­ ere yÃ¬Ã­ ni kÃ² sÃ­ nibáº¹. Ãˆre yÃ¬Ã­ tÃ­ gÃ¹n ju (iÌ€seÌÌ©juÌ moÌÌ©kaÌ€nleÌloÌÌ©goÌÌ©faÌ€) báº¹áº¹ si ni o ti fÃ  nÃ­lÃ¨ ju. Ã“ yáº¹ kÃ­ wÃ³Ì£n gÃ© Ã¬tÃ n yÃ¬Ã­ kÃºrÃº yÃ¡lÃ  nÃ­gbÃ  tÃ­ wÃ³Ì£n Å„ kÃ³Ì£ á» nÃ­ tÃ bÃ­ nÃ­gbÃ  tÃ­ wÃ³Ì£n Å„ á¹£e Ã gbÃ©yÃ¨ wo ráº¹. Ibikan wÃ¡ nÃ­ ibi Ã¬parÃ­ ráº¹ tÃ³ wuÌ ni loÌriÌ bÃ­ Ã³ tilÃ¨Ì© jeÌÌ© pe mo woÌ€ye ráº¹Ì€Ì© kÃ¬ Ã³ tÃ³ á¹£áº¹láº¹Ì€, á¹£Ã¹gbÃ³Ì£n kÃ² páº¹Ì rÃ¡rÃ¡ Ã ti pÃ© iÌ€gbeÌjaÌde abala yÃ¬Ã­ ti pÃ©Ì© jÃ¹ lÃ¡ti yÃ­ Ã wá»n Ã¨nÃ¬yÃ n lá»ÌkÃ n padÃ  nipa ere tÃ³ gÃ¹n tÃ³ sÃ¬ tÃºn fÃ  nÃ­lÃ¨Ì©. SÃ­báº¹Ì€ sÃ­báº¹Ì€ tÃ­ Ã³ bÃ¡ ti gbÃ³Ì© nÃ­pa Sinima ilÃ© NÃ Ã¬jÃ­rÃ­Ã  tÃ­ Ã³ sÃ¬ tÃºn Å„ wÃ¹ á» lÃ¡ti ni Ã¬rÃ­rÃ­ ráº¹Ì€, a jáº¹Ì pÃ© mÃ² ti fi Ã¬kan hÃ n á»Ì.	negative
LaÌiÌ€loÌriÌre, a Ã² laÌ fara daÌ€a Ã¬boÌ£n Cowboy, Ã¬boÌ£n Ã lÃ fo,  asoÃ­ wÃ³n ranrÃ­ wÃ³Ì£n fi dÃ¡bÃ­rÃ ,  erÃ© tÃ­wÃ³nse tÃ­ Ã³ bÃ­ yÃ n nÃ­nÃ¹ rÃ­ kÃ²lÃ©bÃ¹n rÃ­kÃ²sÃ­ se pÃ tÃ kÃ¬, ayeÌ£yeÌ£ rÃ­ wÃ³n fi rÃ¡ntÃ­ erÃ© tÃ­ wÃ³Ì£n tÃ­ fi hÃ n tÃ©Ì£lÃ¨Ì£ tÃ­ wÃ³Ì£n kÃ³jo pÃ²Ì£ tÃ­ kÃ²sÃ¬ nÃ­tumÃ²Ì£ lÃ¡ti bÃ¨rÃ¨	negative
OÌ n á¹£e niÌ aÌ€aÌnuÌ, fiÌiÌ€muÌ€ naÌaÌ€ niÌgbaÌ€gbogbo jáº¹Ì daÌradaÌ€ra aÌ€ti oniÌlá»Ìra páº¹Ì€luÌ diÌáº¹Ì€ niÌnuÌ aÌ€wá»n aÌ€koÌkoÌ€ á»Ì€á¹£áº¹Ì€ á»Ì€saÌn puÌpá»Ì€ ti iÌ€fihaÌ€n áº¹Ì€duÌ€n.	negative
ErÃ© nÃ¡Ã  Ã² dÃ¡ra, Ã á¹£ejÃ¹ dÃ­áº¹Ì€ lÃ¡t'á»Ì€dá»Ì€ Ã wá»n Ã²á¹£Ã¨rÃ© (bÃ³yÃ¡ Ã¬darÃ­ tÃ­ pá»Ì€jÃ¹) sÃ¹gbÃ³n lÃ­lÃ² ráº¹Ì€ dÃ¡ra.	negative
once upon a night' jeÌ£ á»un tÃ­kÃ² nÃ­yÃ¬	negative
bÃ³ sewÃ , kÃ² lÃ¡yÃ¨ tÃ bÃ­ Ã¬wÃ  torÃ­ anÃ­ lÃ ti se oun pÃºpÃ²Ì£ kÃ³balÃ¨ wá»lÃ© tÃ¡n	negative
FiÌiÌ€muÌ€ yiÌ€iÌ jáº¹Ì alaÌiÌ€duÌ€n puÌpá»Ì€ fuÌn sinimaÌ.	negative
KÃ² dÃ¡ra	negative
apeÃ¨ nÃ­ ajÃ­nigbÃ© nÃ­nÃº Ã hÃ¡mÃ³Ì£ fun odidi Ã Ã¡dÃ³Ì£ta Ã¬sÃ©jÃº, wÃ³Ì£n fi tipÃ¡tipÃ¡ jÃ©Ì£ kalá» sÃ­ Ã¬rÃ¬n Ã jÃ² asegbyinti, Ã Ã¬foÌ£woÌ£sÃ­	negative
KÃ¬nnÃ¬Ãºn yÃ¬Ã­ kÃ² lÃ¨ bÃº ramÃºramÃ¹ tÃ³.. . á¹¢Ã© áº¹nÃ¬kan fi Ã¬tÃ n erÃ© Netflix wá»n tÃ³ ti fÃ¬dÃ­ ráº¹mÄ± á¹£Ã²wÃ² sÃ¬ NÃ Ã¬jÃ­rÃ­Ã  ni? Ã€fi bÃ­i aá¹£á» Ã wá»Ì€dÃ­je áº¹gbáº¹Ì tâ€™Ã³ fÃ¬dÃ­ ráº¹mÄ± nÃ­nÃº Ã È™ekÃ¡gbÃ¡ Super Bowl ni.	negative
ÃŒ fagÃ­dÃ­ sá» Ã¬tÃ n Ã ti Ã¬á¹£á»wá»Ì á¹£erÃ© tÃ³ ti ni lâ€™Ã³jÃº ni Ã wá»n Ç¹kan tÃ­ Ã³ jáº¹Ì Ã dÃ¡má»Ì€ Ã¨re rÃ¡darÃ da tÃ­ Å„ pe ara ráº¹Ì€ nÃ­ ohun tÃ­ kÃ² jáº¹Ì yÃ¬Ã­. Ã“ lÃ¨ mÃ¡ rá»rÃ¹n fÃºn yÃ­n lÃ¡ti gbÃ  á¹£Ã¹gbÃ³Ì£n erÃ© yÃ¬Ã­ dÃ bÃ­ ayÃ©dÃ¨rÃº Isoken.	negative
erÃ© tÃ­kÃ² nÃ­ Ã¬tumÃ²Ì£. . Ã wÃ dÃ  lerÃ© yÃ­	negative
EÌ£Ì€bu burÃºkÃº !. . ÃˆyÃ­  ni  EreÌ oniÌsÌ£e burÃºkÃº tiÌ mo ti rÃ­rÃ­ niÌ IleÌ ayÃ© mi!	negative
AÌ€koÌjoÌ£pe Ere nÃ¡Ã  ki á¹£e Ã¨yÃ­ tÃ³ burÃº. á»ŒkÃ n ráº¹ sÃ¬ wÃ¡ nÃ­ ibi toÌ daÌa gangan, sÌ£uÌ€gboÌn oÌsÌ£eni laÌaÌ€nuÌ  lÃ¡ti wo ni oÌ£Ì€naÌ€ orÃ­á¹£irÃ­á¹£i	negative
BiÌotiÌ€leÌ£Ì€jeÌ£ÌpeÌ ere nÃ¡Ã  dÃ¡ bÃ­ ti akoÌ£ÌsÌ£eÌ£ÌmoÌ£seÌ£Ì, mÃ¡ jeÌ£Ì kiÌ oÌ mÃº Ã³Ì£ biÌi oÌ€muÌ€goÌ€Ì£. Ibi ni	negative
KÃ² s'Ã³rÃ­ kÃ² s'Ã­rÃ¹, Ã¬tÃ n burÃºkÃº Ã ti Ã¬ranÃ¹ tÃ³ wÃ³Ì£n. OÌ tileÌ£Ì€ le lÃ¡ti woÌ€. NkÃ² lÃ¨ rÃ²yin rÃ¨Ì£ fun elÃ²mÃ­rÃ n	negative
diÌdaÌra iÌ€raÌ€wá»Ì€ wá»n koÌ€ niÌ niÌnuÌ fiÌiÌ€muÌ€ yiÌ€iÌ	negative
áº¸Ì€rÃ­n pa mÃ­.	negative
nkan Ã Ã¬tÃ³Ì£. reÌ£wÃ . kÃ² reÌ£wÃ 	negative
OjuÌ gbaÌ€ miÌ tiÌ€.. . AÌ€woÌ£n oÌ€seÌ€reÌ toÌ koÌpa niÌnuÌ ereÌ yiÌ€iÌ riÌ aÌ€woÌ£n ibi koÌ€Ì£oÌ€Ì£kan se daÌadaÌa nibe paapaa, Kabiyesi ati Amina, sugbon awon osere to sugba won(Maladi),ko tile yeni boya won kan ni ki o maa pa wa lerin ni nitori o ye ki o fi ara si ju bi o ti se lo.	negative
Oshi! NkÃ² lÃ¨ sá» fÃºn áº¹nikÃ©Ì£ni nÃ­pa ráº¹Ì€. KÃ² dÃ¡ b'Ã³ jáº¹Ì á»má»dÃ©. Ãˆre nÃ¡Ã  rÃ­nÃ­lÃ¡ra.	negative
LÃ¡Ã¬ sÃ­ Ã nÃ­-Ã nÃ­, elÃ©yÃ¬Ã­ wÃ  lÃ¡ra Ã wá»n sinimÃ¡ tÃ³ burÃº jÃ¹ tÃ­ mo ti wÃ³.	negative
SinimaÌ aÌ€tuÌngbeÌkaleÌ£Ì€ tiÌ koÌ€ daÌra raÌraÌ.. . NiÌ iÌ€beÌ£Ì€reÌ£Ì€ ereÌ yiÌ€iÌ, niÌ ibitiÌ AÌhaÌnaÌsiÌ€ ti nÌ raÌntiÌ eÌ£ni tiÌ woÌ£Ìn da inaÌ sun, biÌ woÌ£n sÌ£e dariÌ ibeÌ£Ì€yeÌ£n koÌ€ daÌra toÌ.	negative
RÃ¡darÃ da. . ohun Ã²sÌ£Ã¬ kan siÌ€iÌ€ lÃ¡ti oÌ£wÃ³Ì£ NETFLIX niÌ Ã kÃ³kÃ² yÃ¬Ã­.	negative
Gbogbo oÌ£Ì€naÌ€ ni oÌ fi meÌ£ÌheÌ£Ì€e	negative
Mo fo Ã¨yÃ­. KÃ² sÃ­ á»na ti mo lÃ¨ fi wá» gbogbo kiniÌ yiÌ€iÌ	negative
Ã“ mÃ¡ kÃ bÃ¡má»ÌwÃ­pÃ© o wo erÃ© yÃ¬Ã­.	negative
TÃ­ KÃ² dÃ¡ra	negative
IÌ€piÌ€láº¹Ì€ tiÌ oÌ pá»Ì€juÌ€.	negative
AÌ€wá»n MiÌliÌoÌ£Ì€nuÌ€' jáº¹Ì paÌ€taÌ€kiÌ€ jiÌjaÌ oÌ€suÌ€nwoÌ£Ì€n tiÌ koÌ€ niÌ iÌ€tiÌ€juÌ tiÌ aÌ€wá»n iÌ€weÌ aÌ€fá»wá»Ìká» 'Ocean's film series'; sÌ£uÌ€gboÌ£Ìn koÌ€ wuÌ wa loÌriÌ raÌraÌ.	negative
GbÃ rÃ dÃ¡ jÃ© Ã¬jÃ¬nláº¹Ì€ erÃ© yorÃ¹bÃ¡ Ã¬dÃºmá»Ì€tÃ  páº¹Ì€lÃº gbogbo Ã¬wÃ  wÃ¨rÃ¨ tÃ³ bÃ¡ abala nollywood yáº¹n wÃ¡.	negative
EÌ£ni mÃ­mÃ³Ì£ IsrÃ©lÃ¬!. . KÃ­nni Genevieve rÃ² pÃ© Ã²Ãºn sÌ£e? ErÃ©? ÃŒwÃ  Ã¬bÃ jÃ©Ì£ tÃ³ gajÃ¹ ni Ã¨yÃ­.. . OlÃ¹koÌ£'tÃ n naa kÃ² dÃ¡a tÃ³.	negative
AÌ€sopoÌ€ ereÌ tiÌ oÌ tiÌi buruÌ juÌ€.	negative
Ã’sÌ£Ã¬ laÌsaÌn	negative
"""Special Jollof"" tuÌn jeÌ©Ì ereÌ mÃ¬Ã­rÃ n tÃ­ Ã wá»n oÌ€sÌ©eÌ€reÌ Nollywood tÃ³ waÌ€ niÌ Turkey á¹£e á¹£Ã¹gbá»Ìn tÃ­ kÃ² gbaÌduÌ€n raÌraÌ. EreÌ yeye ni a fi á¹£e báº¹ÌÌ©áº¹Ì€Ì© ni Ã³ kÃºn fÃºn onÃ­rÃºurÃº Ã wá»n iá¹£eÌ tÃ­ kÃ² kÃºn ojÃº Ã²á¹£Ã¹wÃ²Ì£n. KÃ² sÃ­ Å„ kankan nÃ­nÃº erÃ© yÃ¬Ã­. IÌ€fÃ kÃ³kÃ² aÌ€towoÌ á¹£Ã²fÃ² lÃ¡sÃ¡n ni."	negative
Gbogbo áº¹nu ni mo lÃ¨ fi sá» wÃ­pÃ©, bi LÃºnÃ  á¹£e gba Ã¬gbÃ kugÃ  gan-an, Ã¬tÃ n tÃ³ wá»Ì€ ni lÃ¡ra ju Chief Daddy apÃ¡ kejÃ¬ lá».	negative
MÃ­ o moÌ£ iye Ã¬jÃ mbÃ¡ oÌ£koÌ£Ì€ Ã’furufÃº ti o waye ni orileÌ£ eÌ€deÌ€ NaÌ€iÌjiÌriÌaÌ€ ,báº¹Ìáº¹Ì€ni Ere to jade ni oÌ£joÌ£Ì maÌruÌ€n-uÌn .	negative
FÃ­Ã¬mÃ¹ nÃ¡Ã  kÃ² bÃ¡ ti dÃ¡ra tÃ­ Ã³ bÃ¡ jáº¹ wÃ­pÃ© wá»Ìn nÃ¡ owÃ³ sÃ­i dÃ¡adÃ¡a	negative
LaÌiÌ€siÌ iÌ€tá»Ìsá»ÌnaÌ€ aÌ€ti iÌ€tumá»Ì€, eleÌeÌ€yiÌ jáº¹Ì kan toÌ guÌ€n , toÌ le tiÌ yoÌoÌ€ ti oÌ€ fi le daÌra niÌwaÌjuÌ aÌ€wá»n á»Ì€ráº¹Ì aÌ€ti eÌ£biÌ tiÌ aÌ€wá»n tiÌ oluÌ€dariÌ aÌ€ti aÌ€wá»n oÌ€á¹£eÌ€reÌ.	negative
KoÌ€ yáº¹Ì© lÃ¡ti gba Ã kÃ³kÃ² ráº¹	negative
ReÌdereÌ€de gbaÌaÌ€!. . KoÌ€ woÌ£Ì poÌ£Ì€ kiÌ n pa sinimaÌ tiÌ€, sÌ£uÌ€gboÌ£Ìn, n koÌ€ le wo eÌ€yiÌ taÌn. LeÌ£ÌyiÌ€n oÌ£gboÌ£Ì€n iÌ€sÌ£eÌ£ÌjuÌ ni mo daÌa duÌroÌ.. . MaÌ fi aÌ€koÌkoÌ€ reÌ£ soÌ€foÌ€.	negative
FÃºn ohun tÃ­ kÃ² bÃ¡ jáº¹Ì sinimÃ¡ tÃ³ lÃ¡gbÃ¡ra, tÃ­ á»Ì€rá»Ì€ Ã¬fáº¹Ì inÃº ráº¹Ì€ kÃ n Å„ á¹£ubÃº lÃ© ara wá»n, Ã³ á¹£eni lÃ¡Ã Ã¡nÃº pÃ© wá»Ìn kÃ n bÃº omi rÃ­n ni.	negative
Ã“ tini lÃ³jÃº pÃ© Ã Ã¬le á¹£e iá¹£áº¹Ì Ã  á¹£e parÃ­ lÃ³rÃ­ ohun gbogbo kÃ² tÃ¡n sÃ¬ Ã wá»n Ã páº¹ráº¹ tÃ­ a ti mÃº áº¹nu bÃ  táº¹Ìláº¹Ì€.	negative
IÌ€duÌroÌ naÌaÌ€ kuÌn fuÌn aÌ€wá»n iÌ€raÌ€wá»Ì€, á¹£uÌgbá»Ì€n koÌ€ tan iÌ€má»Ìláº¹Ì€. Åƒá¹£e lÃ³ dÃ  bÃ­ Ã¬gbÃ  tÃ­ wá»Ìn Å„ tá»ÌjÃº wÃ¡Ã¬nÃ¬ kan tÃ­ kÃ² tÃ­Ã¬ dÃ gbÃ , bÃ³yÃ¡ tÃ­ wá»Ìn fi Ã¨so Ã jÃ rÃ  tÃ­ kÃ² tÃ­Ã¬ pá»Ìn á¹£e.	negative
ErÃ© yÃ­ kÃ² kÃºn tÃ³.	negative
FÃ­Ã¬mÃ¹ yÃ¬Ã­ Ã³ dÃ¡a rÃ¡rÃ¡ báº¹Ìáº¹Ì€ sÃ¬ ni kÃ² dÃ¹n.	negative
Ã²sÃ¬ ni Ã¨nÃ¬yÃ n tÃ³ jÃ¨Ì£bi	negative
Mo nÃ­lÃ² o lÃ¡ti wo fun Ã¬wÃºlÃ² áº¹Ì€ka Ã¨Ì£kÃ³	negative
Ã“ ti faleÌ€Ì© juÌ€. IfÃ kÃ³kÃ² á¹£Ã²fÃ² lÃ¡sÃ¡n ni	negative
KÃ² dÃ¹n.	negative
EreÌ oniÌsÌ£e nÃ¡Ã  jáº¹Ì oÌ€bu áº¹yin fÃºn Nollywood	negative
NÃ­gbÃ  tÃ­ mÃ² Å„ wo sinimÃ¡ Paramá»Ìláº¹Ì€, ohun tÃ­ Ná»ÌlÃ­wuÃ¹dÃ¹ jáº¹Ì á¹£áº¹Ì€á¹£áº¹Ì€ yÃ© mi ni.	negative
Páº¹Ì€lÃº gbogbo kÃ rÃ¡má»Ì€ Ã¬pani ni áº¹Ì€áº¹Ì€rÃ­n Ã ti Ã¬á¹£á»wá»Ì á¹£erÃ© tÃ­ Ã³ Å„ fÃ² sÃ³kÃ¨ sÃ³dÃ² lÃ¡Ã rÃ­n Ã­n pÃ© wá»Ìn ti táº¹È™an má»Ì á» jÃ¹ Ã bÃ­ pÃ© wá»n kÃ² tiláº¹Ì€ rÃ­i á¹£e rÃ¡rÃ¡.	negative
IÌ€sejaÌde ti waÌ€ niÌ gbogbo ibiÌ, aÌ€ti á»Ì€pá»Ì€lá»pá»Ì€ aÌ€wá»n ohun kiÌká»Ì koÌ€ niÌ iÌ€daÌ€gbaÌ€soÌkeÌ€ niÌ kiÌkuÌn.	negative
IÌ€faÌ€koÌkoÌ€ aÌ€ti aÌ€woÌ£n oun eÌ€loÌ€ sÌ£oÌ€foÌ€ ni sinimaÌ yiÌ€iÌ	negative
WaÌ€ aÌ koÌrira reÌ£Ì€	negative
ErÃ© naa dÃ¡ra sÌ£Ã¹gbÃ³Ì£n Ã³fi wÃ¡kÃ tÃ­ mÃ©jÃ¬ sÌ£'Ã²fÃ²	negative
Sa gbogbo ipÃ¡ tÃ­ o le sÃ ; 'á»Œlá»lÃ¡ jÃ¹lá» fi hÃ n pÃ© Ã²un Ã² k'Ã³jÃº Ã²á¹£Ã¹wá»Ì€n, nÃ­pa Ã Ã¬lÃ¨ mÃº gbogbo Ã¬lÃ©rÃ­ tÃ³ á¹£e nigba tÃ­ Ã¬bÃ² m bá»Ì€ á¹£áº¹.	negative
oÌ€sÌ£iÌ€ raÌndanrÃ ndan. .  . . koÌ€ tÃ³ lÃ¡ti jeÌ£Ì Ã wÃ²rÃ¡n . . Ã€wá»n Ã’á¹£erÃ© leÌ£,  AkoÌ£ iÌ€weÌ naÌaÌ€ laÌti oÌ£woÌ£Ì eÌ£ni oÌ£duÌn meÌjiÌ€laÌ. OhÃ¹n woÌ£n kÃ² kaÌ ojÃº Ã²á¹£Ì£Ã¹wÃ²Ì£n	negative
GbiÌgbeÌ ojuÌ iÌ€woÌ€ye, á»Ì€naÌ€ erÃ© niÌpasáº¹Ì€ ogun aÌbáº¹le NaÌ€iÌ€jiÌriÌaÌ€ tiÌ aÌ€wá»n á»duÌn 1960 yiÌpadaÌ€ laÌti jáº¹Ì aÌ€á¹£iÌ€á¹£e liÌlá» kiri niÌnuÌ eÌ€yiÌtiÌ iÌ€á¹£elá»Ìpá»Ì€ tiÌ a yaÌ€n laÌwuÌ€já» yiÌiÌ€ koÌ€ le gbaÌ€ padaÌ€ paÌtaÌpaÌtaÌ.	negative
Sibáº¹sibáº¹, eyi kuna lati jáº¹ ohunkohun miiran ju alaidun.  KÃ² mÃº á»gbá»Ìn wÃ¡ rÃ¡rÃ¡	negative
IÌ€á¹£eÌ€á¹£e buÌburuÌ puÌpá»Ì€, á¹£uÌ€gbá»Ìn fiÌiÌ€muÌ€ naÌaÌ€ tuÌn jÌáº¹ iÌ€daÌnilaÌrayaÌ.	negative
ÃˆyÃ­ kÃ² dÃ¡a rÃ¡rÃ¡. ÃŒá¹£ekÃºá¹£e gbÃ¡ Ã  ni Ã wá»n Ã²á¹£Ã¨rÃ© nÃ¡Ã  á¹£e.	negative
O dun bÃ­ Ã³ tilÃ¨ jáº¹Ì pÃ© Ã á¹£Ã¬á¹£e wÃ  nÃ­nÃº ráº¹.	negative
fiÌiÌ€muÌ€ yiÌ daÌ€biÌ nÌ€kan laÌra asoÌ€paÌ poÌÌ£ tiÌ€ laÌbáº¹Ì-iÌ€daÌ€gbaÌ€soÌkeÌ€ eÌ£Ì€roÌ£ páº¹Ì€luÌ kan iÌ€daÌ€jiÌ€ á»kÃ n laÌti fiÌ€feÌ£ÌhaÌ€n  siÌnuÌ.	negative
á»Œmá» ilÃ© Ã¬wÃ© áº¹Ì€ká»Ì gÃ­ga gan-an Ã³ á¹£e Ã kÃ³so fÃ­Ã¬mÃ¹ yÃ¬Ã­.	negative
Mo koÌrira sinimaÌ yiÌ€iÌ gan-an ni oÌ€	negative
ÃŒÈ™á»wá»Ì á¹£erÃ© Ã wá»n Ã²È™Ã¨rÃ© yáº¹n burÃº jÃ¡Ã¬, bÃ­ wÃ³n á¹£e ká» erÃ© nÃ¡Ã  tilÃ¨ tÃºn wÃ¡Ã¡ burÃº bÃ jáº¹Ì.	negative
OÌ€á¹£eÌ€reÌ naÌaÌ€ waÌ€ niÌ igi tiÌ oÌ daÌra juÌ€lá», á»Ì€rá»Ì€ siÌsá» naÌaÌ€ fáº¹Ìráº¹Ì€ siÌ orin niÌnuÌ , biÌ áº¹nipeÌ aÌ€wá»n oÌ€á¹£eÌ€reÌ niÌgbaÌ€gbogbo niÌ iÌ€tara páº¹Ì€luÌ aÌ€wá»n laÌiÌ€niÌ wá»Ì€n.	negative
Gbogbo ohun tÃ­ Ã³ wÃ  nÃ­nÃº fÃ­Ã¬mÃ¹ yÃ­ ni Ã³ sá» nÃ­pa isuna tÃ­ Ã³ kÃ©rÃ©	negative
Gbáº¹ lÃ¡ti jÃ­ Ã sÃ¬kÃ²	negative
ÃŒsekÃºse gbÃ Ã¡	negative
AÌ€waÌ€daÌ€ Nollywood gboÌ€oÌ€roÌ€ niÌ€kan ni ipoÌ€ sÌ£e ni oÌ€ daÌniÌ loÌjuÌ niÌtoÌ€oÌtá»Ì.	negative
Charmed kÃ² fa ni má»Ìra. RÃ¡rÃ¡	negative
Ã“ burÃº jÃ¹ . . ÃŒran nÃ¡Ã  dÃºrÃ³  báº¹ÌeÌ£Ì€ siÌ€ ni Ã ti si ti Ã³ dÃ bÃ­ pÃ© koÌ€ loÌ£ siÌ ibiÌ€ kan .	negative
TorÃ­ pÃ© Ã³ dÃ¡ lÃ© orin jáº¹Ì kÃ³ burÃº jÃ¡Ã¬	negative
á»ŒÌ€rá»Ì€ Ã¬tÃ n . ÃŒtÃ n nÃ¡Ã  burÃº Ã tipÃ© ÃŒtÃ n naÌaÌ€ kÃ² á¹£e gbÃ gbá»Ì	negative
Mo reÌ£ÌriÌ€n daÌkuÌ	negative
IÌ€baÌ€nuÌjáº¹Ì á»gbáº¹Ì, 'Levi' jáº¹ ereÌ tiÌ koÌ€ niÌ iÌ€diÌ.	negative
Fiimu naa jáº¹ iyaláº¹nu fun aini aanu ara áº¹ni, á¹£ugbá»n o jáº¹ ki iriri â€œOgbinâ€ jáº¹ alaanu fun awá»n olugbo paapaa.	negative
Mo daÌ mi loÌjuÌ peÌ yoÌoÌ€ tiÌ daÌra juÌ€lá» biÌi fiÌiÌ€muÌ€ kuÌkuÌruÌ iÌ€á¹£áº¹ÌjuÌ meÌ£ÌeÌ£Ì€waÌ siÌ oÌ£gboÌ£Ì€n laÌti á¹£e iÌ€daÌnwoÌ€ omi naÌaÌ€.	negative
ereÌ tiÌ koÌ€ niÌ iÌ€diÌ.	negative
Ti iÌ€pinnu daÌradaÌra á¹£uÌ€gbá»Ìn iÌ€gbiÌ€yaÌ€njuÌ maÌ gbowoÌ laÌti gbeÌ oluÌ€woÌ€ naÌaÌ€.	negative
RonÃº Ã ti sÌ£e Indomie lÃ¡Ã¬sÃ­ oun Ã dÃ­dÃ¹n. ErÃ© yi kÃ² da dÃ©bi pÃ©, Ã³ku dÃ­Ã¨ kÃ³ parÃ­ nkÃ² moÌ£ oun ton sÃ¨Ì£lÃ¨Ì£.	negative
BÃ­i Ã wÃ dÃ  káº¹rÃ­káº¹rÃ¬ ni wá»Ìn á¹£e to erÃ© yii.	negative
"WoÌ©Ìn kaÌ€n sÌ©e aÌ€toÌ€poÌ€Ì© oÌ€Ì©kan-oÌ€-joÌ€Ì©kan áº¹Ì€fáº¹Ì€, Ã wá»n Ã wÃ²rÃ¡n apanileÌriÌ€n-in tÃ³ ti wÃ  lÃ³rÃ­ iÌ€taÌ€kuÌ€n abaÌnidoÌÌ©reÌ€Ì©eÌÌ© lÃ¡sÃ¡n ni. Wá»Ìn tÃ³ gbogbo ráº¹ papá»Ì€ wá»n sÃ¬ peÌ€ eÌ niÌ ereÌ tiwá»n. TÃ­ Ã³ bÃ¡ jáº¹Ì áº¹ni tÃ³ wÃ  lÃ³rÃ­ iÌ€taÌ€kuÌ€n abaÌnidoÌÌ©reÌ€Ì©eÌÌ© ni, waÌ€ aÌ ti á¹£e Ã kÃ­yÃ¨sÃ­ á»Ì€pá»Ì€lá»pá»Ì€ won báº¹Ìáº¹Ì€ni kÃ² sÃ¬ dÃ¡jÃº pÃ© woÌ©n yÃ³Ã² pa á»Ì leÌÌ©riÌ€niÌn. IÌ€kuÌ€naÌ€ pÃ¡tÃ¡pÃ¡tÃ¡ ni ""Social Media 101"". IÌ€doÌjuÌtiÌ€ Å„lÃ¡ ni!"	negative
erÃ© yÃ­ kÃ² dÃºn	negative
ErÃ© Nigeria mÃ­rÃ n pÃ¨Ì£lÃº Ã²Ì£pÃ²Ì£loÌ£pÃ²Ì£ Ã soÌ£dÃ¹n sÌ£Ã¹gbÃ³Ì£n tÃ³ jÃ©Ì£ kÃ²rÃ²fo. NkÃ² lÃ¨ soÌ£ pÃ© kÃ­ Ã¨nÃ¬yÃ¡n wÃ²Ã³	negative
KÃ¬Ã­ á¹£e pÃ© Ã³ burÃº báº¹Ìáº¹Ì€ nÃ¡Ã  á¹£Ã¹gbÃ³Ì£n Ã¬á¹£á»wá»Ì ká» erÃ© Ã ti Ã¬darÃ­ ráº¹Ì€ ni kÃ² nÃ­ Ã bÃ³jÃºtÃ³ tÃ­ Ã³ pÃ©ye	negative
ÃŒbáº¹Ì€ráº¹Ì€ fÃ­Ã¬mÃ¹ yÃ­ kÃ n dÃ bÃ­ Ã¬gbÃ  tÃ­ Ã¨nÃ¬yÃ n bÃ¡ kÃ³ áº¹yáº¹lÃ© pá»Ì€ má»Ì adÃ¬yáº¹ ni.. . KÃ² sÃ­ Ã lÃ yÃ© nÃ­pa bÃ­ Laila kÃ n á¹£e fara hÃ n.	negative
Isá» itan ti ko dara pupá»â€¦ ati atunká» itan-aká»á»láº¹ pupá» nitori Ã¬tÃ n fiimu naa	negative
IÌ€daÌduÌroÌ. á»ŒÌ€fáº¹Ì. AÌ€ti aÌ€iÌ€má»Ìgbá»ÌnwaÌ.	negative
KÃ¬Ã­ á¹£e erÃ© gidi	negative
IÌ€baÌ€nuÌjeÌÌ© oÌ©kaÌ€n gbaÌaÌ€ ni ereÌ yiÌ€iÌ.	negative
Ã³á¹£o nÃ­pa Ã¬tÃ n kÃ©kerÃ© kan Ã¨yÃ n lÃ© bÃºra pÃ© oÌ£moÌ£ ilÃ© Ã¨kÃ³Ì£ alÃ¡kÃ³ bÃ¨rÃ¨ lÃ³sÃ¡rÃ© kÃ³Ì£ fÃºn erÃ© Ã¬bÃ­lÃ¨ oÌ£dÃºn tÃ³kojÃ¡	negative
TÃ­  Ã kÃ³kÃ² ráº¹ bÃ¡ jáº¹ Ã³ lÃ³gÃºn,táº¹'pÃ¡ má»' á¹£áº¹Ì kÃ­ o lÃ¨ yáº¹ra fÃºn elÃ©yÃ¬Ã­.	negative
NÌ€jáº¹Ì fiÌiÌ€muÌ€ le jáº¹Ì buÌburuÌ, á¹£uÌ€gbá»Ìn paÌ€taÌ€kiÌ€?	negative
TÃ­ Ã³ baÌ jáº¹Ì wÃ­pÃ© mo jáº¹Ì aá¹£Ã kÃ­yÃ¨sÃ­ fÃ­Ã¬mÃ¹ tÃ­ mo waÌ oÌ£Ì€naÌ€ lÃ¡ti mÃ¡ ká»Ì Ã wá»n akáº¹Ìká»Ì€á»Ì mÃ­, mi olÃ¨ roun fÃºn ohuÌ€n kan tÃ³ dÃ¡ra nÃ­toÌ€oÌtoÌ£Ì oun tÃ­ a nÃ­lÃ²  fÃºn Ã yÃ¨Ì£wÃ²	negative
OÌ páº¹Ì juÌ€, ÃŒá¹£erÃ© toÌ burÃº ,aÌ€iÌ€baÌramu toÌ poÌ£Ì€ waÌ€ niÌbeÌ£Ì€	negative
Ã¬tÃ n sÃ­sá» tipÃ¡tipÃ¡ Ã ti erÃ© orÃ­ Ã¬tÃ gÃ© tÃ­ Ã³Ãºn dÃ³jÃº tini nÃ­ Ã¬wÃ  eni afÃ¬wÃ pamÃ³Ì£ yÃ­.	negative
BÃ¡wo ni ereÌ kan tÃ³ nÃ­ kÃ³kÃ³ á»Ì€rá»Ì€ yÃ¬Ã­ á¹£e mÃ¡a Å„ tÃ¨tÃ¨ dÃ  rÃº?	negative
eÌ€yiÌ jáº¹Ì iÌ€taÌ€n tiÌ oÌ niÌ agbaÌra fuÌn iÌ€yiÌ€n paÌ€taÌ€kiÌ€, á¹£uÌgbá»Ì€n iÌ€paÌ€niÌ€yaÌ€n koÌ€ daÌra aÌ€ti kiÌ oÌ jáº¹Ì kiÌ oÌ rá»ruÌ€n gbaÌ€gbeÌ.	negative
erÃ© yÃ­ nÃ­ oÌ£poÌ£lá» ju 'ojÃº keÌ£ta'' lá»  tÃ­ Ã³ jÃ© pÃ© ara erÃ© Ã tijoÌ pÃ¨Ì£lÃº 'Pa OluJacobs. yÃ  gÃ² fÃ¹n Ã¨yÃ­	negative
AÌ€woÌ£n oÌ€sÌ£eÌ€reÌ iÌ€taÌ€geÌ tÃºbá»Ì€ maa n dÃ³jÃº tini	negative
SURVIVAL OF JELILI jáº¹Ì Ã fihÃ n alÃ¡yáº¹Ì€yáº¹ rÃºdurÃ¹du Ã ti ohun tÃ­ kÃ² yáº¹ kÃ­ ojÃº mÃ¡a rÃ­.	negative
Ni Ã¬pÃ¡rÃ­ fÃ­Ã¬mÃ¹ Chief Daddy Ã ká»Ìká»Ì, á¹£Ã­á¹£e Ã fihÃ n Ã²È™Ã¨rÃ© tuntun ni abala tÃ­ Ã³ gbáº¹Ì€yÃ¬n tá»Ìka sÃ­ apÃ¡ kejÃ¬ á¹£Ã¹gbÃ³Ì£n Chief Daddy apÃ¡ kejÃ¬ tÃºn wÃ  fi Ã¨gÃºn Ã wá»n sinimÃ¡ apÃ¡ kejÃ¬ lá»ÌnÃ  tÃ³ tÃºn bá»¥rá»¥ jÃ¡Ã¬.	negative
KÃ² yáº¹ kÃ­ Ã³ tÃ¡n sÃ­báº¹Ì€ yáº¹n. Ã€wá»n tÃ­ Ã³ ká»Ì á»Ì Ã² kÃºn ojÃº Ã²sÃ¹nwá»Ì€n.	negative
IÌ€diÌ€teÌ£Ì€ naÌaÌ€ koÌ€ jáº¹Ì oÌ€tiÌtá»Ì paÌtaÌpaÌtaÌ aÌ€ti peÌ oÌ waÌ€ niÌ gbogbo ibi.	negative
Ã¬fowÃ² Ã ti Ã kÃ³kÃ² á¹£Ã²fÃ²	negative
ErÃ© yÃ¬Ã­ kÃ² dÃ¹n rÃ¡rÃ¡, kÃ³dÃ  kÃ² nÃ­ wu á»má»dÃ©.	negative
